Iso3,StartDate,EndDate,Area Code,Area Code (M49),Area,Element Code,Element,ISO Currency Code,Currency,Year Code,Year,Months Code,Months,Unit,Value,Flag
#country+code,#date+start,#date+end,,,#country+name,,,,,,#date+year,,,#indicator+type,#indicator+value+num,
BEN,1970-01-01,1970-12-31,53,'204,Benin,LCU,Local currency units per USD,XOF,CFA Franc BCEAO,1970,1970,7021,Annual value,,276.403137000000020,X
BEN,1970-01-01,1970-01-31,53,'204,Benin,LCU,Local currency units per USD,XOF,CFA Franc BCEAO,1970,1970,7001,January,,277.656058507520980,X
BEN,1970-02-01,1970-02-28,53,'204,Benin,LCU,Local currency units per USD,XOF,CFA Franc BCEAO,1970,1970,7002,February,,277.201056772919000,X
BEN,1970-03-01,1970-03-31,53,'204,Benin,LCU,Local currency units per USD,XOF,CFA Franc BCEAO,1970,1970,7003,March,,277.156056601364980,X
BEN,1970-04-01,1970-04-30,53,'204,Benin,LCU,Local currency units per USD,XOF,CFA Franc BCEAO,1970,1970,7004,April,,276.581054359285020,X
BEN,1970-05-01,1970-05-31,53,'204,Benin,LCU,Local currency units per USD,XOF,CFA Franc BCEAO,1970,1970,7005,May,,276.066052395945010,X
BEN,1970-06-01,1970-06-30,53,'204,Benin,LCU,Local currency units per USD,XOF,CFA Franc BCEAO,1970,1970,7006,June,,276.026052243452000,X
BEN,1970-07-01,1970-07-31,53,'204,Benin,LCU,Local currency units per USD,XOF,CFA Franc BCEAO,1970,1970,7007,July,,275.886051709728010,X
BEN,1970-08-01,1970-08-31,53,'204,Benin,LCU,Local currency units per USD,XOF,CFA Franc BCEAO,1970,1970,7008,August,,276.051052338759970,X
BEN,1970-09-01,1970-09-30,53,'204,Benin,LCU,Local currency units per USD,XOF,CFA Franc BCEAO,1970,1970,7009,September,,276.011052186267020,X
BEN,1970-10-01,1970-10-31,53,'204,Benin,LCU,Local currency units per USD,XOF,CFA Franc BCEAO,1970,1970,7010,October,,276.151052719991010,X
BEN,1970-11-01,1970-11-30,53,'204,Benin,LCU,Local currency units per USD,XOF,CFA Franc BCEAO,1970,1970,7011,November,,275.926051862221020,X
BEN,1970-12-01,1970-12-31,53,'204,Benin,LCU,Local currency units per USD,XOF,CFA Franc BCEAO,1970,1970,7012,December,,276.126052624682980,X
BEN,1971-01-01,1971-12-31,53,'204,Benin,LCU,Local currency units per USD,XOF,CFA Franc BCEAO,1971,1971,7021,Annual value,,275.356456700000020,X
BEN,1971-01-01,1971-01-31,53,'204,Benin,LCU,Local currency units per USD,XOF,CFA Franc BCEAO,1971,1971,7001,January,,275.931051881281970,X
BEN,1971-02-01,1971-02-28,53,'204,Benin,LCU,Local currency units per USD,XOF,CFA Franc BCEAO,1971,1971,7002,February,,275.891051728789990,X
BEN,1971-03-01,1971-03-31,53,'204,Benin,LCU,Local currency units per USD,XOF,CFA Franc BCEAO,1971,1971,7003,March,,275.766051252250970,X
BEN,1971-04-01,1971-04-30,53,'204,Benin,LCU,Local currency units per USD,XOF,CFA Franc BCEAO,1971,1971,7004,April,,275.781051309436010,X
BEN,1971-05-01,1971-05-31,53,'204,Benin,LCU,Local currency units per USD,XOF,CFA Franc BCEAO,1971,1971,7005,May,,276.301053291838000,X
BEN,1971-06-01,1971-06-30,53,'204,Benin,LCU,Local currency units per USD,XOF,CFA Franc BCEAO,1971,1971,7006,June,,276.356053501515020,X
BEN,1971-07-01,1971-07-31,53,'204,Benin,LCU,Local currency units per USD,XOF,CFA Franc BCEAO,1971,1971,7007,July,,275.666050871019990,X
BEN,1971-08-01,1971-08-31,53,'204,Benin,LCU,Local currency units per USD,XOF,CFA Franc BCEAO,1971,1971,7008,August,,275.731051168819990,X
BEN,1971-09-01,1971-09-30,53,'204,Benin,LCU,Local currency units per USD,XOF,CFA Franc BCEAO,1971,1971,7009,September,,276.021052274391020,X
BEN,1971-10-01,1971-10-31,53,'204,Benin,LCU,Local currency units per USD,XOF,CFA Franc BCEAO,1971,1971,7010,October,,276.656054645209000,X
BEN,1971-11-01,1971-11-30,53,'204,Benin,LCU,Local currency units per USD,XOF,CFA Franc BCEAO,1971,1971,7011,November,,276.221052986853010,X
BEN,1971-12-01,1971-12-31,53,'204,Benin,LCU,Local currency units per USD,XOF,CFA Franc BCEAO,1971,1971,7012,December,,267.955905312578010,X
BEN,1972-01-01,1972-12-31,53,'204,Benin,LCU,Local currency units per USD,XOF,CFA Franc BCEAO,1972,1972,7021,Annual value,,252.027627499999990,X
BEN,1972-01-01,1972-01-31,53,'204,Benin,LCU,Local currency units per USD,XOF,CFA Franc BCEAO,1972,1972,7001,January,,258.690986207021980,X
BEN,1972-02-01,1972-02-29,53,'204,Benin,LCU,Local currency units per USD,XOF,CFA Franc BCEAO,1972,1972,7002,February,,254.415969909387000,X
BEN,1972-03-01,1972-03-31,53,'204,Benin,LCU,Local currency units per USD,XOF,CFA Franc BCEAO,1972,1972,7003,March,,252.020960778899990,X
BEN,1972-04-01,1972-04-30,53,'204,Benin,LCU,Local currency units per USD,XOF,CFA Franc BCEAO,1972,1972,7004,April,,251.835960073622000,X
BEN,1972-05-01,1972-05-31,53,'204,Benin,LCU,Local currency units per USD,XOF,CFA Franc BCEAO,1972,1972,7005,May,,250.680955670401970,X
BEN,1972-06-01,1972-06-30,53,'204,Benin,LCU,Local currency units per USD,XOF,CFA Franc BCEAO,1972,1972,7006,June,,250.675955651339990,X
BEN,1972-07-01,1972-07-31,53,'204,Benin,LCU,Local currency units per USD,XOF,CFA Franc BCEAO,1972,1972,7007,July,,250.110953497384000,X
BEN,1972-08-01,1972-08-31,53,'204,Benin,LCU,Local currency units per USD,XOF,CFA Franc BCEAO,1972,1972,7008,August,,250.175953745183990,X
BEN,1972-09-01,1972-09-30,53,'204,Benin,LCU,Local currency units per USD,XOF,CFA Franc BCEAO,1972,1972,7009,September,,250.250953981106990,X
BEN,1972-10-01,1972-10-31,53,'204,Benin,LCU,Local currency units per USD,XOF,CFA Franc BCEAO,1972,1972,7010,October,,251.150957412188010,X
BEN,1972-11-01,1972-11-30,53,'204,Benin,LCU,Local currency units per USD,XOF,CFA Franc BCEAO,1972,1972,7011,November,,252.090961045761990,X
BEN,1972-12-01,1972-12-31,53,'204,Benin,LCU,Local currency units per USD,XOF,CFA Franc BCEAO,1972,1972,7012,December,,252.230961579485010,X
BEN,1973-01-01,1973-12-31,53,'204,Benin,LCU,Local currency units per USD,XOF,CFA Franc BCEAO,1973,1973,7021,Annual value,,222.889183100000000,X
BEN,1973-01-01,1973-01-31,53,'204,Benin,LCU,Local currency units per USD,XOF,CFA Franc BCEAO,1973,1973,7001,January,,254.150968899124990,X
BEN,1973-02-01,1973-02-28,53,'204,Benin,LCU,Local currency units per USD,XOF,CFA Franc BCEAO,1973,1973,7002,February,,240.650917432911000,X
BEN,1973-03-01,1973-03-31,53,'204,Benin,LCU,Local currency units per USD,XOF,CFA Franc BCEAO,1973,1973,7003,March,,226.500863488694990,X
BEN,1973-04-01,1973-04-30,53,'204,Benin,LCU,Local currency units per USD,XOF,CFA Franc BCEAO,1973,1973,7004,April,,227.635867815669000,X
BEN,1973-05-01,1973-05-31,53,'204,Benin,LCU,Local currency units per USD,XOF,CFA Franc BCEAO,1973,1973,7005,May,,224.140854491638010,X
BEN,1973-06-01,1973-06-30,53,'204,Benin,LCU,Local currency units per USD,XOF,CFA Franc BCEAO,1973,1973,7006,June,,212.545810287878960,X
BEN,1973-07-01,1973-07-31,53,'204,Benin,LCU,Local currency units per USD,XOF,CFA Franc BCEAO,1973,1973,7007,July,,202.730772870035990,X
BEN,1973-08-01,1973-08-31,53,'204,Benin,LCU,Local currency units per USD,XOF,CFA Franc BCEAO,1973,1973,7008,August,,212.245809144184990,X
BEN,1973-09-01,1973-09-30,53,'204,Benin,LCU,Local currency units per USD,XOF,CFA Franc BCEAO,1973,1973,7009,September,,213.015812079666010,X
BEN,1973-10-01,1973-10-31,53,'204,Benin,LCU,Local currency units per USD,XOF,CFA Franc BCEAO,1973,1973,7010,October,,210.705803273225000,X
BEN,1973-11-01,1973-11-30,53,'204,Benin,LCU,Local currency units per USD,XOF,CFA Franc BCEAO,1973,1973,7011,November,,220.870842025376990,X
BEN,1973-12-01,1973-12-31,53,'204,Benin,LCU,Local currency units per USD,XOF,CFA Franc BCEAO,1973,1973,7012,December,,229.475874830322970,X
BEN,1974-01-01,1974-12-31,53,'204,Benin,LCU,Local currency units per USD,XOF,CFA Franc BCEAO,1974,1974,7021,Annual value,,240.704667599999990,X
BEN,1974-01-01,1974-01-31,53,'204,Benin,LCU,Local currency units per USD,XOF,CFA Franc BCEAO,1974,1974,7001,January,,252.705963390334010,X
BEN,1974-02-01,1974-02-28,53,'204,Benin,LCU,Local currency units per USD,XOF,CFA Franc BCEAO,1974,1974,7002,February,,247.770944576572990,X
BEN,1974-03-01,1974-03-31,53,'204,Benin,LCU,Local currency units per USD,XOF,CFA Franc BCEAO,1974,1974,7003,March,,241.170919415312990,X
BEN,1974-04-01,1974-04-30,53,'204,Benin,LCU,Local currency units per USD,XOF,CFA Franc BCEAO,1974,1974,7004,April,,243.210927192430010,X
BEN,1974-05-01,1974-05-31,53,'204,Benin,LCU,Local currency units per USD,XOF,CFA Franc BCEAO,1974,1974,7005,May,,243.815929498879000,X
BEN,1974-06-01,1974-06-30,53,'204,Benin,LCU,Local currency units per USD,XOF,CFA Franc BCEAO,1974,1974,7006,June,,245.130934512068990,X
BEN,1974-07-01,1974-07-31,53,'204,Benin,LCU,Local currency units per USD,XOF,CFA Franc BCEAO,1974,1974,7007,July,,238.445909026762960,X
BEN,1974-08-01,1974-08-31,53,'204,Benin,LCU,Local currency units per USD,XOF,CFA Franc BCEAO,1974,1974,7008,August,,238.820910456380010,X
BEN,1974-09-01,1974-09-30,53,'204,Benin,LCU,Local currency units per USD,XOF,CFA Franc BCEAO,1974,1974,7009,September,,240.085915278955010,X
BEN,1974-10-01,1974-10-31,53,'204,Benin,LCU,Local currency units per USD,XOF,CFA Franc BCEAO,1974,1974,7010,October,,236.745902545832000,X
BEN,1974-11-01,1974-11-30,53,'204,Benin,LCU,Local currency units per USD,XOF,CFA Franc BCEAO,1974,1974,7011,November,,233.685890880156990,X
BEN,1974-12-01,1974-12-31,53,'204,Benin,LCU,Local currency units per USD,XOF,CFA Franc BCEAO,1974,1974,7012,December,,226.865864880189040,X
BEN,1975-01-01,1975-12-31,53,'204,Benin,LCU,Local currency units per USD,XOF,CFA Franc BCEAO,1975,1975,7021,Annual value,,214.312900300000000,X
BEN,1975-01-01,1975-01-31,53,'204,Benin,LCU,Local currency units per USD,XOF,CFA Franc BCEAO,1975,1975,7001,January,,218.260832075243000,X
BEN,1975-02-01,1975-02-28,53,'204,Benin,LCU,Local currency units per USD,XOF,CFA Franc BCEAO,1975,1975,7002,February,,214.050815975408990,X
BEN,1975-03-01,1975-03-31,53,'204,Benin,LCU,Local currency units per USD,XOF,CFA Franc BCEAO,1975,1975,7003,March,,210.015800642729000,X
BEN,1975-04-01,1975-04-30,53,'204,Benin,LCU,Local currency units per USD,XOF,CFA Franc BCEAO,1975,1975,7004,April,,209.865800070883010,X
BEN,1975-05-01,1975-05-31,53,'204,Benin,LCU,Local currency units per USD,XOF,CFA Franc BCEAO,1975,1975,7005,May,,202.105770487341000,X
BEN,1975-06-01,1975-06-30,53,'204,Benin,LCU,Local currency units per USD,XOF,CFA Franc BCEAO,1975,1975,7006,June,,200.215763282071010,X
BEN,1975-07-01,1975-07-31,53,'204,Benin,LCU,Local currency units per USD,XOF,CFA Franc BCEAO,1975,1975,7007,July,,211.245805331872990,X
BEN,1975-08-01,1975-08-31,53,'204,Benin,LCU,Local currency units per USD,XOF,CFA Franc BCEAO,1975,1975,7008,August,,218.790834095767990,X
BEN,1975-09-01,1975-09-30,53,'204,Benin,LCU,Local currency units per USD,XOF,CFA Franc BCEAO,1975,1975,7009,September,,223.550852192374010,X
BEN,1975-10-01,1975-10-31,53,'204,Benin,LCU,Local currency units per USD,XOF,CFA Franc BCEAO,1975,1975,7010,October,,220.470840450451990,X
BEN,1975-11-01,1975-11-30,53,'204,Benin,LCU,Local currency units per USD,XOF,CFA Franc BCEAO,1975,1975,7011,November,,220.260839699867010,X
BEN,1975-12-01,1975-12-31,53,'204,Benin,LCU,Local currency units per USD,XOF,CFA Franc BCEAO,1975,1975,7012,December,,222.920849790617010,X
BEN,1976-01-01,1976-12-31,53,'204,Benin,LCU,Local currency units per USD,XOF,CFA Franc BCEAO,1976,1976,7021,Annual value,,238.950494300000000,X
BEN,1976-01-01,1976-01-31,53,'204,Benin,LCU,Local currency units per USD,XOF,CFA Franc BCEAO,1976,1976,7001,January,,223.765853012021010,X
BEN,1976-02-01,1976-02-29,53,'204,Benin,LCU,Local currency units per USD,XOF,CFA Franc BCEAO,1976,1976,7002,February,,223.480851925512010,X
BEN,1976-03-01,1976-03-31,53,'204,Benin,LCU,Local currency units per USD,XOF,CFA Franc BCEAO,1976,1976,7003,March,,231.180881330315000,X
BEN,1976-04-01,1976-04-30,53,'204,Benin,LCU,Local currency units per USD,XOF,CFA Franc BCEAO,1976,1976,7004,April,,233.500890174879000,X
BEN,1976-05-01,1976-05-31,53,'204,Benin,LCU,Local currency units per USD,XOF,CFA Franc BCEAO,1976,1976,7005,May,,235.000895893348000,X
BEN,1976-06-01,1976-06-30,53,'204,Benin,LCU,Local currency units per USD,XOF,CFA Franc BCEAO,1976,1976,7006,June,,236.870902972371000,X
BEN,1976-07-01,1976-07-31,53,'204,Benin,LCU,Local currency units per USD,XOF,CFA Franc BCEAO,1976,1976,7007,July,,242.240923494486960,X
BEN,1976-08-01,1976-08-31,53,'204,Benin,LCU,Local currency units per USD,XOF,CFA Franc BCEAO,1976,1976,7008,August,,248.110945872760000,X
BEN,1976-09-01,1976-09-30,53,'204,Benin,LCU,Local currency units per USD,XOF,CFA Franc BCEAO,1976,1976,7009,September,,245.375935446086000,X
BEN,1976-10-01,1976-10-31,53,'204,Benin,LCU,Local currency units per USD,XOF,CFA Franc BCEAO,1976,1976,7010,October,,249.000949265717000,X
BEN,1976-11-01,1976-11-30,53,'204,Benin,LCU,Local currency units per USD,XOF,CFA Franc BCEAO,1976,1976,7011,November,,249.500951171873000,X
BEN,1976-12-01,1976-12-31,53,'204,Benin,LCU,Local currency units per USD,XOF,CFA Franc BCEAO,1976,1976,7012,December,,249.375950645334030,X
BEN,1977-01-01,1977-12-31,53,'204,Benin,LCU,Local currency units per USD,XOF,CFA Franc BCEAO,1977,1977,7021,Annual value,,245.679686600000000,X
BEN,1977-01-01,1977-01-31,53,'204,Benin,LCU,Local currency units per USD,XOF,CFA Franc BCEAO,1977,1977,7001,January,,248.470947195192000,X
BEN,1977-02-01,1977-02-28,53,'204,Benin,LCU,Local currency units per USD,XOF,CFA Franc BCEAO,1977,1977,7002,February,,248.940948986977990,X
BEN,1977-03-01,1977-03-31,53,'204,Benin,LCU,Local currency units per USD,XOF,CFA Franc BCEAO,1977,1977,7003,March,,249.070949482579010,X
BEN,1977-04-01,1977-04-30,53,'204,Benin,LCU,Local currency units per USD,XOF,CFA Franc BCEAO,1977,1977,7004,April,,248.225946261175010,X
BEN,1977-05-01,1977-05-31,53,'204,Benin,LCU,Local currency units per USD,XOF,CFA Franc BCEAO,1977,1977,7005,May,,247.630944042849990,X
BEN,1977-06-01,1977-06-30,53,'204,Benin,LCU,Local currency units per USD,XOF,CFA Franc BCEAO,1977,1977,7006,June,,246.990941602970000,X
BEN,1977-07-01,1977-07-31,53,'204,Benin,LCU,Local currency units per USD,XOF,CFA Franc BCEAO,1977,1977,7007,July,,242.535924569119000,X
BEN,1977-08-01,1977-08-31,53,'204,Benin,LCU,Local currency units per USD,XOF,CFA Franc BCEAO,1977,1977,7008,August,,244.860933482745000,X
BEN,1977-09-01,1977-09-30,53,'204,Benin,LCU,Local currency units per USD,XOF,CFA Franc BCEAO,1977,1977,7009,September,,246.100938160011990,X
BEN,1977-10-01,1977-10-31,53,'204,Benin,LCU,Local currency units per USD,XOF,CFA Franc BCEAO,1977,1977,7010,October,,242.960926189351990,X
BEN,1977-11-01,1977-11-30,53,'204,Benin,LCU,Local currency units per USD,XOF,CFA Franc BCEAO,1977,1977,7011,November,,242.690925160028000,X
BEN,1977-12-01,1977-12-31,53,'204,Benin,LCU,Local currency units per USD,XOF,CFA Franc BCEAO,1977,1977,7012,December,,239.675913665906990,X
BEN,1978-01-01,1978-12-31,53,'204,Benin,LCU,Local currency units per USD,XOF,CFA Franc BCEAO,1978,1978,7021,Annual value,,225.655860200000010,X
BEN,1978-01-01,1978-01-31,53,'204,Benin,LCU,Local currency units per USD,XOF,CFA Franc BCEAO,1978,1978,7001,January,,235.845899064750970,X
BEN,1978-02-01,1978-02-28,53,'204,Benin,LCU,Local currency units per USD,XOF,CFA Franc BCEAO,1978,1978,7002,February,,241.945922319854990,X
BEN,1978-03-01,1978-03-31,53,'204,Benin,LCU,Local currency units per USD,XOF,CFA Franc BCEAO,1978,1978,7003,March,,235.675898416657990,X
BEN,1978-04-01,1978-04-30,53,'204,Benin,LCU,Local currency units per USD,XOF,CFA Franc BCEAO,1978,1978,7004,April,,229.235873865368010,X
BEN,1978-05-01,1978-05-31,53,'204,Benin,LCU,Local currency units per USD,XOF,CFA Franc BCEAO,1978,1978,7005,May,,232.550886553183010,X
BEN,1978-06-01,1978-06-30,53,'204,Benin,LCU,Local currency units per USD,XOF,CFA Franc BCEAO,1978,1978,7006,June,,229.100873400706010,X
BEN,1978-07-01,1978-07-31,53,'204,Benin,LCU,Local currency units per USD,XOF,CFA Franc BCEAO,1978,1978,7007,July,,221.950846142675000,X
BEN,1978-08-01,1978-08-31,53,'204,Benin,LCU,Local currency units per USD,XOF,CFA Franc BCEAO,1978,1978,7008,August,,218.020831110287990,X
BEN,1978-09-01,1978-09-30,53,'204,Benin,LCU,Local currency units per USD,XOF,CFA Franc BCEAO,1978,1978,7009,September,,218.095831396211000,X
BEN,1978-10-01,1978-10-31,53,'204,Benin,LCU,Local currency units per USD,XOF,CFA Franc BCEAO,1978,1978,7010,October,,211.190805072196010,X
BEN,1978-11-01,1978-11-30,53,'204,Benin,LCU,Local currency units per USD,XOF,CFA Franc BCEAO,1978,1978,7011,November,,218.245832018058000,X
BEN,1978-12-01,1978-12-31,53,'204,Benin,LCU,Local currency units per USD,XOF,CFA Franc BCEAO,1978,1978,7012,December,,216.010823447539990,X
BEN,1979-01-01,1979-12-31,53,'204,Benin,LCU,Local currency units per USD,XOF,CFA Franc BCEAO,1979,1979,7021,Annual value,,212.721644300000010,X
BEN,1979-01-01,1979-01-31,53,'204,Benin,LCU,Local currency units per USD,XOF,CFA Franc BCEAO,1979,1979,7001,January,,212.060808388907990,X
BEN,1979-02-01,1979-02-28,53,'204,Benin,LCU,Local currency units per USD,XOF,CFA Franc BCEAO,1979,1979,7002,February,,213.810815110454030,X
BEN,1979-03-01,1979-03-31,53,'204,Benin,LCU,Local currency units per USD,XOF,CFA Franc BCEAO,1979,1979,7003,March,,214.375817214410010,X
BEN,1979-04-01,1979-04-30,53,'204,Benin,LCU,Local currency units per USD,XOF,CFA Franc BCEAO,1979,1979,7004,April,,217.530829242255010,X
BEN,1979-05-01,1979-05-31,53,'204,Benin,LCU,Local currency units per USD,XOF,CFA Franc BCEAO,1979,1979,7005,May,,220.365840050159990,X
BEN,1979-06-01,1979-06-30,53,'204,Benin,LCU,Local currency units per USD,XOF,CFA Franc BCEAO,1979,1979,7006,June,,218.245831968058010,X
BEN,1979-07-01,1979-07-31,53,'204,Benin,LCU,Local currency units per USD,XOF,CFA Franc BCEAO,1979,1979,7007,July,,212.230809087001030,X
BEN,1979-08-01,1979-08-31,53,'204,Benin,LCU,Local currency units per USD,XOF,CFA Franc BCEAO,1979,1979,7008,August,,212.865811507818990,X
BEN,1979-09-01,1979-09-30,53,'204,Benin,LCU,Local currency units per USD,XOF,CFA Franc BCEAO,1979,1979,7009,September,,210.005800604606010,X
BEN,1979-10-01,1979-10-31,53,'204,Benin,LCU,Local currency units per USD,XOF,CFA Franc BCEAO,1979,1979,7010,October,,209.830799887451010,X
BEN,1979-11-01,1979-11-30,53,'204,Benin,LCU,Local currency units per USD,XOF,CFA Franc BCEAO,1979,1979,7011,November,,208.035793094350960,X
BEN,1979-12-01,1979-12-31,53,'204,Benin,LCU,Local currency units per USD,XOF,CFA Franc BCEAO,1979,1979,7012,December,,203.300774993053010,X
BEN,1980-01-01,1980-12-31,53,'204,Benin,LCU,Local currency units per USD,XOF,CFA Franc BCEAO,1980,1980,7021,Annual value,,211.279555399999990,X
BEN,1980-01-01,1980-01-31,53,'204,Benin,LCU,Local currency units per USD,XOF,CFA Franc BCEAO,1980,1980,7001,January,,201.910769693940010,X
BEN,1980-02-01,1980-02-29,53,'204,Benin,LCU,Local currency units per USD,XOF,CFA Franc BCEAO,1980,1980,7002,February,,204.780780635274970,X
BEN,1980-03-01,1980-03-31,53,'204,Benin,LCU,Local currency units per USD,XOF,CFA Franc BCEAO,1980,1980,7003,March,,215.680822189477000,X
BEN,1980-04-01,1980-04-30,53,'204,Benin,LCU,Local currency units per USD,XOF,CFA Franc BCEAO,1980,1980,7004,April,,217.120827679207000,X
BEN,1980-05-01,1980-05-31,53,'204,Benin,LCU,Local currency units per USD,XOF,CFA Franc BCEAO,1980,1980,7005,May,,209.055796932910030,X
BEN,1980-06-01,1980-06-30,53,'204,Benin,LCU,Local currency units per USD,XOF,CFA Franc BCEAO,1980,1980,7006,June,,205.640783913864000,X
BEN,1980-07-01,1980-07-31,53,'204,Benin,LCU,Local currency units per USD,XOF,CFA Franc BCEAO,1980,1980,7007,July,,202.760772934405000,X
BEN,1980-08-01,1980-08-31,53,'204,Benin,LCU,Local currency units per USD,XOF,CFA Franc BCEAO,1980,1980,7008,August,,207.510791042887010,X
BEN,1980-09-01,1980-09-30,53,'204,Benin,LCU,Local currency units per USD,XOF,CFA Franc BCEAO,1980,1980,7009,September,,207.940792682182010,X
BEN,1980-10-01,1980-10-31,53,'204,Benin,LCU,Local currency units per USD,XOF,CFA Franc BCEAO,1980,1980,7010,October,,212.130808705769990,X
BEN,1980-11-01,1980-11-30,53,'204,Benin,LCU,Local currency units per USD,XOF,CFA Franc BCEAO,1980,1980,7011,November,,222.450847998830030,X
BEN,1980-12-01,1980-12-31,53,'204,Benin,LCU,Local currency units per USD,XOF,CFA Franc BCEAO,1980,1980,7012,December,,228.370870567717990,X
BEN,1981-01-01,1981-12-31,53,'204,Benin,LCU,Local currency units per USD,XOF,CFA Franc BCEAO,1981,1981,7021,Annual value,,271.731452600000010,X
BEN,1981-01-01,1981-01-31,53,'204,Benin,LCU,Local currency units per USD,XOF,CFA Franc BCEAO,1981,1981,7001,January,,232.055884666089010,X
BEN,1981-02-01,1981-02-28,53,'204,Benin,LCU,Local currency units per USD,XOF,CFA Franc BCEAO,1981,1981,7002,February,,248.405946947390990,X
BEN,1981-03-01,1981-03-31,53,'204,Benin,LCU,Local currency units per USD,XOF,CFA Franc BCEAO,1981,1981,7003,March,,248.500947309561010,X
BEN,1981-04-01,1981-04-30,53,'204,Benin,LCU,Local currency units per USD,XOF,CFA Franc BCEAO,1981,1981,7004,April,,255.280973207036990,X
BEN,1981-05-01,1981-05-31,53,'204,Benin,LCU,Local currency units per USD,XOF,CFA Franc BCEAO,1981,1981,7005,May,,274.451046239060990,X
BEN,1981-06-01,1981-06-30,53,'204,Benin,LCU,Local currency units per USD,XOF,CFA Franc BCEAO,1981,1981,7006,June,,283.061079063068010,X
BEN,1981-07-01,1981-07-31,53,'204,Benin,LCU,Local currency units per USD,XOF,CFA Franc BCEAO,1981,1981,7007,July,,289.971105406145000,X
BEN,1981-08-01,1981-08-31,53,'204,Benin,LCU,Local currency units per USD,XOF,CFA Franc BCEAO,1981,1981,7008,August,,299.076140117245930,X
BEN,1981-09-01,1981-09-30,53,'204,Benin,LCU,Local currency units per USD,XOF,CFA Franc BCEAO,1981,1981,7009,September,,282.216075841664010,X
BEN,1981-10-01,1981-10-31,53,'204,Benin,LCU,Local currency units per USD,XOF,CFA Franc BCEAO,1981,1981,7010,October,,281.241072174660020,X
BEN,1981-11-01,1981-11-30,53,'204,Benin,LCU,Local currency units per USD,XOF,CFA Franc BCEAO,1981,1981,7011,November,,280.736070199442000,X
BEN,1981-12-01,1981-12-31,53,'204,Benin,LCU,Local currency units per USD,XOF,CFA Franc BCEAO,1981,1981,7012,December,,285.781089432557000,X
BEN,1982-01-01,1982-12-31,53,'204,Benin,LCU,Local currency units per USD,XOF,CFA Franc BCEAO,1982,1982,7021,Annual value,,328.606252700000030,X
BEN,1982-01-01,1982-01-31,53,'204,Benin,LCU,Local currency units per USD,XOF,CFA Franc BCEAO,1982,1982,7001,January,,291.256110304966000,X
BEN,1982-02-01,1982-02-28,53,'204,Benin,LCU,Local currency units per USD,XOF,CFA Franc BCEAO,1982,1982,7002,February,,300.871146960347010,X
BEN,1982-03-01,1982-03-31,53,'204,Benin,LCU,Local currency units per USD,XOF,CFA Franc BCEAO,1982,1982,7003,March,,307.106170730112980,X
BEN,1982-04-01,1982-04-30,53,'204,Benin,LCU,Local currency units per USD,XOF,CFA Franc BCEAO,1982,1982,7004,April,,312.171190039474030,X
BEN,1982-05-01,1982-05-31,53,'204,Benin,LCU,Local currency units per USD,XOF,CFA Franc BCEAO,1982,1982,7005,May,,300.676146266945980,X
BEN,1982-06-01,1982-06-30,53,'204,Benin,LCU,Local currency units per USD,XOF,CFA Franc BCEAO,1982,1982,7006,June,,328.956254029132990,X
BEN,1982-07-01,1982-07-31,53,'204,Benin,LCU,Local currency units per USD,XOF,CFA Franc BCEAO,1982,1982,7007,July,,342.261304751944980,X
BEN,1982-08-01,1982-08-31,53,'204,Benin,LCU,Local currency units per USD,XOF,CFA Franc BCEAO,1982,1982,7008,August,,345.796318228468980,X
BEN,1982-09-01,1982-09-30,53,'204,Benin,LCU,Local currency units per USD,XOF,CFA Franc BCEAO,1982,1982,7009,September,,353.211346496762990,X
BEN,1982-10-01,1982-10-31,53,'204,Benin,LCU,Local currency units per USD,XOF,CFA Franc BCEAO,1982,1982,7010,October,,357.366362336920020,X
BEN,1982-11-01,1982-11-30,53,'204,Benin,LCU,Local currency units per USD,XOF,CFA Franc BCEAO,1982,1982,7011,November,,360.736375184412050,X
BEN,1982-12-01,1982-12-31,53,'204,Benin,LCU,Local currency units per USD,XOF,CFA Franc BCEAO,1982,1982,7012,December,,342.866307058394000,X
BEN,1983-01-01,1983-12-31,53,'204,Benin,LCU,Local currency units per USD,XOF,CFA Franc BCEAO,1983,1983,7021,Annual value,,381.066036000000000,X
BEN,1983-01-01,1983-01-31,53,'204,Benin,LCU,Local currency units per USD,XOF,CFA Franc BCEAO,1983,1983,7001,January,,338.471290303281990,X
BEN,1983-02-01,1983-02-28,53,'204,Benin,LCU,Local currency units per USD,XOF,CFA Franc BCEAO,1983,1983,7002,February,,344.091311728476060,X
BEN,1983-03-01,1983-03-31,53,'204,Benin,LCU,Local currency units per USD,XOF,CFA Franc BCEAO,1983,1983,7003,March,,350.546336336951010,X
BEN,1983-04-01,1983-04-30,53,'204,Benin,LCU,Local currency units per USD,XOF,CFA Franc BCEAO,1983,1983,7004,April,,365.826394589080000,X
BEN,1983-05-01,1983-05-31,53,'204,Benin,LCU,Local currency units per USD,XOF,CFA Franc BCEAO,1983,1983,7005,May,,371.501416273951970,X
BEN,1983-06-01,1983-06-30,53,'204,Benin,LCU,Local currency units per USD,XOF,CFA Franc BCEAO,1983,1983,7006,June,,383.166460694571980,X
BEN,1983-07-01,1983-07-31,53,'204,Benin,LCU,Local currency units per USD,XOF,CFA Franc BCEAO,1983,1983,7007,July,,388.981482863167000,X
BEN,1983-08-01,1983-08-31,53,'204,Benin,LCU,Local currency units per USD,XOF,CFA Franc BCEAO,1983,1983,7008,August,,402.021532575717000,X
BEN,1983-09-01,1983-09-30,53,'204,Benin,LCU,Local currency units per USD,XOF,CFA Franc BCEAO,1983,1983,7009,September,,403.021536388029970,X
BEN,1983-10-01,1983-10-31,53,'204,Benin,LCU,Local currency units per USD,XOF,CFA Franc BCEAO,1983,1983,7010,October,,397.451515153451000,X
BEN,1983-11-01,1983-11-30,53,'204,Benin,LCU,Local currency units per USD,XOF,CFA Franc BCEAO,1983,1983,7011,November,,408.621557736977020,X
BEN,1983-12-01,1983-12-31,53,'204,Benin,LCU,Local currency units per USD,XOF,CFA Franc BCEAO,1983,1983,7012,December,,419.091597651884970,X
BEN,1984-01-01,1984-12-31,53,'204,Benin,LCU,Local currency units per USD,XOF,CFA Franc BCEAO,1984,1984,7021,Annual value,,436.956665800000000,X
BEN,1984-01-01,1984-01-31,53,'204,Benin,LCU,Local currency units per USD,XOF,CFA Franc BCEAO,1984,1984,7001,January,,429.606637788346920,X
BEN,1984-02-01,1984-02-29,53,'204,Benin,LCU,Local currency units per USD,XOF,CFA Franc BCEAO,1984,1984,7002,February,,416.156586512749020,X
BEN,1984-03-01,1984-03-31,53,'204,Benin,LCU,Local currency units per USD,XOF,CFA Franc BCEAO,1984,1984,7003,March,,400.091525217955000,X
BEN,1984-04-01,1984-04-30,53,'204,Benin,LCU,Local currency units per USD,XOF,CFA Franc BCEAO,1984,1984,7004,April,,405.681546578780060,X
BEN,1984-05-01,1984-05-31,53,'204,Benin,LCU,Local currency units per USD,XOF,CFA Franc BCEAO,1984,1984,7005,May,,422.496610682808010,X
BEN,1984-06-01,1984-06-30,53,'204,Benin,LCU,Local currency units per USD,XOF,CFA Franc BCEAO,1984,1984,7006,June,,420.991604945278030,X
BEN,1984-07-01,1984-07-31,53,'204,Benin,LCU,Local currency units per USD,XOF,CFA Franc BCEAO,1984,1984,7007,July,,436.981665854149010,X
BEN,1984-08-01,1984-08-31,53,'204,Benin,LCU,Local currency units per USD,XOF,CFA Franc BCEAO,1984,1984,7008,August,,443.101689185499030,X
BEN,1984-09-01,1984-09-30,53,'204,Benin,LCU,Local currency units per USD,XOF,CFA Franc BCEAO,1984,1984,7009,September,,463.956768741269000,X
BEN,1984-10-01,1984-10-31,53,'204,Benin,LCU,Local currency units per USD,XOF,CFA Franc BCEAO,1984,1984,7010,October,,470.866795034344930,X
BEN,1984-11-01,1984-11-30,53,'204,Benin,LCU,Local currency units per USD,XOF,CFA Franc BCEAO,1984,1984,7011,November,,458.706748726630000,X
BEN,1984-12-01,1984-12-31,53,'204,Benin,LCU,Local currency units per USD,XOF,CFA Franc BCEAO,1984,1984,7012,December,,474.841810188285990,X
BEN,1985-01-01,1985-12-31,53,'204,Benin,LCU,Local currency units per USD,XOF,CFA Franc BCEAO,1985,1985,7021,Annual value,,449.262962700000000,X
BEN,1985-01-01,1985-01-31,53,'204,Benin,LCU,Local currency units per USD,XOF,CFA Franc BCEAO,1985,1985,7001,January,,484.911848578268970,X
BEN,1985-02-01,1985-02-28,53,'204,Benin,LCU,Local currency units per USD,XOF,CFA Franc BCEAO,1985,1985,7002,February,,503.536919632582000,X
BEN,1985-03-01,1985-03-31,53,'204,Benin,LCU,Local currency units per USD,XOF,CFA Franc BCEAO,1985,1985,7003,March,,505.576927359699030,X
BEN,1985-04-01,1985-04-30,53,'204,Benin,LCU,Local currency units per USD,XOF,CFA Franc BCEAO,1985,1985,7004,April,,470.561793871590000,X
BEN,1985-05-01,1985-05-31,53,'204,Benin,LCU,Local currency units per USD,XOF,CFA Franc BCEAO,1985,1985,7005,May,,473.536805263218980,X
BEN,1985-06-01,1985-06-30,53,'204,Benin,LCU,Local currency units per USD,XOF,CFA Franc BCEAO,1985,1985,7006,June,,466.971780235390040,X
BEN,1985-07-01,1985-07-31,53,'204,Benin,LCU,Local currency units per USD,XOF,CFA Franc BCEAO,1985,1985,7007,July,,443.886692228164010,X
BEN,1985-08-01,1985-08-31,53,'204,Benin,LCU,Local currency units per USD,XOF,CFA Franc BCEAO,1985,1985,7008,August,,426.206624826486010,X
BEN,1985-09-01,1985-09-30,53,'204,Benin,LCU,Local currency units per USD,XOF,CFA Franc BCEAO,1985,1985,7009,September,,432.936650483347020,X
BEN,1985-10-01,1985-10-31,53,'204,Benin,LCU,Local currency units per USD,XOF,CFA Franc BCEAO,1985,1985,7010,October,,403.376537791399980,X
BEN,1985-11-01,1985-11-30,53,'204,Benin,LCU,Local currency units per USD,XOF,CFA Franc BCEAO,1985,1985,7011,November,,394.731504833961990,X
BEN,1985-12-01,1985-12-31,53,'204,Benin,LCU,Local currency units per USD,XOF,CFA Franc BCEAO,1985,1985,7012,December,,384.921467435179980,X
BEN,1986-01-01,1986-12-31,53,'204,Benin,LCU,Local currency units per USD,XOF,CFA Franc BCEAO,1986,1986,7021,Annual value,,346.305903600000020,X
BEN,1986-01-01,1986-01-31,53,'204,Benin,LCU,Local currency units per USD,XOF,CFA Franc BCEAO,1986,1986,7001,January,,374.901429235813000,X
BEN,1986-02-01,1986-02-28,53,'204,Benin,LCU,Local currency units per USD,XOF,CFA Franc BCEAO,1986,1986,7002,February,,358.106365208030980,X
BEN,1986-03-01,1986-03-31,53,'204,Benin,LCU,Local currency units per USD,XOF,CFA Franc BCEAO,1986,1986,7003,March,,348.146327237401980,X
BEN,1986-04-01,1986-04-30,53,'204,Benin,LCU,Local currency units per USD,XOF,CFA Franc BCEAO,1986,1986,7004,April,,359.821371746145990,X
BEN,1986-05-01,1986-05-31,53,'204,Benin,LCU,Local currency units per USD,XOF,CFA Franc BCEAO,1986,1986,7005,May,,355.736356172851000,X
BEN,1986-06-01,1986-06-30,53,'204,Benin,LCU,Local currency units per USD,XOF,CFA Franc BCEAO,1986,1986,7006,June,,356.461358936777000,X
BEN,1986-07-01,1986-07-31,53,'204,Benin,LCU,Local currency units per USD,XOF,CFA Franc BCEAO,1986,1986,7007,July,,346.346320375240000,X
BEN,1986-08-01,1986-08-31,53,'204,Benin,LCU,Local currency units per USD,XOF,CFA Franc BCEAO,1986,1986,7008,August,,336.311282118687980,X
BEN,1986-09-01,1986-09-30,53,'204,Benin,LCU,Local currency units per USD,XOF,CFA Franc BCEAO,1986,1986,7009,September,,334.001273312247060,X
BEN,1986-10-01,1986-10-31,53,'204,Benin,LCU,Local currency units per USD,XOF,CFA Franc BCEAO,1986,1986,7010,October,,327.456248360664970,X
BEN,1986-11-01,1986-11-30,53,'204,Benin,LCU,Local currency units per USD,XOF,CFA Franc BCEAO,1986,1986,7011,November,,331.241262790265980,X
BEN,1986-12-01,1986-12-31,53,'204,Benin,LCU,Local currency units per USD,XOF,CFA Franc BCEAO,1986,1986,7012,December,,327.141247159786080,X
BEN,1987-01-01,1987-12-31,53,'204,Benin,LCU,Local currency units per USD,XOF,CFA Franc BCEAO,1987,1987,7021,Annual value,,300.536562399999980,X
BEN,1987-01-01,1987-01-31,53,'204,Benin,LCU,Local currency units per USD,XOF,CFA Franc BCEAO,1987,1987,7001,January,,309.716180730248030,X
BEN,1987-02-01,1987-02-28,53,'204,Benin,LCU,Local currency units per USD,XOF,CFA Franc BCEAO,1987,1987,7002,February,,304.221159781592970,X
BEN,1987-03-01,1987-03-31,53,'204,Benin,LCU,Local currency units per USD,XOF,CFA Franc BCEAO,1987,1987,7003,March,,305.231163632027970,X
BEN,1987-04-01,1987-04-30,53,'204,Benin,LCU,Local currency units per USD,XOF,CFA Franc BCEAO,1987,1987,7004,April,,301.576149698027000,X
BEN,1987-05-01,1987-05-31,53,'204,Benin,LCU,Local currency units per USD,XOF,CFA Franc BCEAO,1987,1987,7005,May,,298.481137898921020,X
BEN,1987-06-01,1987-06-30,53,'204,Benin,LCU,Local currency units per USD,XOF,CFA Franc BCEAO,1987,1987,7006,June,,303.751157989806020,X
BEN,1987-07-01,1987-07-31,53,'204,Benin,LCU,Local currency units per USD,XOF,CFA Franc BCEAO,1987,1987,7007,July,,307.571172552837990,X
BEN,1987-08-01,1987-08-31,53,'204,Benin,LCU,Local currency units per USD,XOF,CFA Franc BCEAO,1987,1987,7008,August,,310.101182197988010,X
BEN,1987-09-01,1987-09-30,53,'204,Benin,LCU,Local currency units per USD,XOF,CFA Franc BCEAO,1987,1987,7009,September,,302.616153662832010,X
BEN,1987-10-01,1987-10-31,53,'204,Benin,LCU,Local currency units per USD,XOF,CFA Franc BCEAO,1987,1987,7010,October,,300.996147486886000,X
BEN,1987-11-01,1987-11-30,53,'204,Benin,LCU,Local currency units per USD,XOF,CFA Franc BCEAO,1987,1987,7011,November,,285.331087767016980,X
BEN,1987-12-01,1987-12-31,53,'204,Benin,LCU,Local currency units per USD,XOF,CFA Franc BCEAO,1987,1987,7012,December,,276.846055419548010,X
BEN,1988-01-01,1988-12-31,53,'204,Benin,LCU,Local currency units per USD,XOF,CFA Franc BCEAO,1988,1988,7021,Annual value,,297.848218799999980,X
BEN,1988-01-01,1988-01-31,53,'204,Benin,LCU,Local currency units per USD,XOF,CFA Franc BCEAO,1988,1988,7001,January,,278.766062739187020,X
BEN,1988-02-01,1988-02-29,53,'204,Benin,LCU,Local currency units per USD,XOF,CFA Franc BCEAO,1988,1988,7002,February,,286.846093542669000,X
BEN,1988-03-01,1988-03-31,53,'204,Benin,LCU,Local currency units per USD,XOF,CFA Franc BCEAO,1988,1988,7003,March,,284.711085403382980,X
BEN,1988-04-01,1988-04-30,53,'204,Benin,LCU,Local currency units per USD,XOF,CFA Franc BCEAO,1988,1988,7004,April,,284.011082734765010,X
BEN,1988-05-01,1988-05-31,53,'204,Benin,LCU,Local currency units per USD,XOF,CFA Franc BCEAO,1988,1988,7005,May,,286.696092970822970,X
BEN,1988-06-01,1988-06-30,53,'204,Benin,LCU,Local currency units per USD,XOF,CFA Franc BCEAO,1988,1988,7006,June,,296.096128806556980,X
BEN,1988-07-01,1988-07-31,53,'204,Benin,LCU,Local currency units per USD,XOF,CFA Franc BCEAO,1988,1988,7007,July,,310.761184714113990,X
BEN,1988-08-01,1988-08-31,53,'204,Benin,LCU,Local currency units per USD,XOF,CFA Franc BCEAO,1988,1988,7008,August,,319.561218262459990,X
BEN,1988-09-01,1988-09-30,53,'204,Benin,LCU,Local currency units per USD,XOF,CFA Franc BCEAO,1988,1988,7009,September,,317.516210466282080,X
BEN,1988-10-01,1988-10-31,53,'204,Benin,LCU,Local currency units per USD,XOF,CFA Franc BCEAO,1988,1988,7010,October,,310.876185152529960,X
BEN,1988-11-01,1988-11-30,53,'204,Benin,LCU,Local currency units per USD,XOF,CFA Franc BCEAO,1988,1988,7011,November,,298.511138013290010,X
BEN,1988-12-01,1988-12-31,53,'204,Benin,LCU,Local currency units per USD,XOF,CFA Franc BCEAO,1988,1988,7012,December,,299.826143026481020,X
BEN,1989-01-01,1989-12-31,53,'204,Benin,LCU,Local currency units per USD,XOF,CFA Franc BCEAO,1989,1989,7021,Annual value,,319.008299500000020,X
BEN,1989-01-01,1989-01-31,53,'204,Benin,LCU,Local currency units per USD,XOF,CFA Franc BCEAO,1989,1989,7001,January,,312.516191404722010,X
BEN,1989-02-01,1989-02-28,53,'204,Benin,LCU,Local currency units per USD,XOF,CFA Franc BCEAO,1989,1989,7002,February,,315.361202250750010,X
BEN,1989-03-01,1989-03-31,53,'204,Benin,LCU,Local currency units per USD,XOF,CFA Franc BCEAO,1989,1989,7003,March,,316.241205605584010,X
BEN,1989-04-01,1989-04-30,53,'204,Benin,LCU,Local currency units per USD,XOF,CFA Franc BCEAO,1989,1989,7004,April,,316.241205605584010,X
BEN,1989-05-01,1989-05-31,53,'204,Benin,LCU,Local currency units per USD,XOF,CFA Franc BCEAO,1989,1989,7005,May,,330.831261227218020,X
BEN,1989-06-01,1989-06-30,53,'204,Benin,LCU,Local currency units per USD,XOF,CFA Franc BCEAO,1989,1989,7006,June,,336.046281108426000,X
BEN,1989-07-01,1989-07-31,53,'204,Benin,LCU,Local currency units per USD,XOF,CFA Franc BCEAO,1989,1989,7007,July,,321.186224457467970,X
BEN,1989-08-01,1989-08-31,53,'204,Benin,LCU,Local currency units per USD,XOF,CFA Franc BCEAO,1989,1989,7008,August,,325.096239363607990,X
BEN,1989-09-01,1989-09-30,53,'204,Benin,LCU,Local currency units per USD,XOF,CFA Franc BCEAO,1989,1989,7009,September,,329.646256709628010,X
BEN,1989-10-01,1989-10-31,53,'204,Benin,LCU,Local currency units per USD,XOF,CFA Franc BCEAO,1989,1989,7010,October,,316.651207168632030,X
BEN,1989-11-01,1989-11-30,53,'204,Benin,LCU,Local currency units per USD,XOF,CFA Franc BCEAO,1989,1989,7011,November,,311.001185629069080,X
BEN,1989-12-01,1989-12-31,53,'204,Benin,LCU,Local currency units per USD,XOF,CFA Franc BCEAO,1989,1989,7012,December,,297.281133324146030,X
BEN,1990-01-01,1990-12-31,53,'204,Benin,LCU,Local currency units per USD,XOF,CFA Franc BCEAO,1990,1990,7021,Annual value,,272.264788000000010,X
BEN,1990-01-01,1990-01-31,53,'204,Benin,LCU,Local currency units per USD,XOF,CFA Franc BCEAO,1990,1990,7001,January,,287.991097907767030,X
BEN,1990-02-01,1990-02-28,53,'204,Benin,LCU,Local currency units per USD,XOF,CFA Franc BCEAO,1990,1990,7002,February,,284.641085136520990,X
BEN,1990-03-01,1990-03-31,53,'204,Benin,LCU,Local currency units per USD,XOF,CFA Franc BCEAO,1990,1990,7003,March,,287.746096973750010,X
BEN,1990-04-01,1990-04-30,53,'204,Benin,LCU,Local currency units per USD,XOF,CFA Franc BCEAO,1990,1990,7004,April,,283.471080676116000,X
BEN,1990-05-01,1990-05-31,53,'204,Benin,LCU,Local currency units per USD,XOF,CFA Franc BCEAO,1990,1990,7005,May,,279.931067180530990,X
BEN,1990-06-01,1990-06-30,53,'204,Benin,LCU,Local currency units per USD,XOF,CFA Franc BCEAO,1990,1990,7006,June,,283.241079799284020,X
BEN,1990-07-01,1990-07-31,53,'204,Benin,LCU,Local currency units per USD,XOF,CFA Franc BCEAO,1990,1990,7007,July,,275.026048481139980,X
BEN,1990-08-01,1990-08-31,53,'204,Benin,LCU,Local currency units per USD,XOF,CFA Franc BCEAO,1990,1990,7008,August,,263.656005135151020,X
BEN,1990-09-01,1990-09-30,53,'204,Benin,LCU,Local currency units per USD,XOF,CFA Franc BCEAO,1990,1990,7009,September,,262.876002161548000,X
BEN,1990-10-01,1990-10-31,53,'204,Benin,LCU,Local currency units per USD,XOF,CFA Franc BCEAO,1990,1990,7010,October,,255.250973092668000,X
BEN,1990-11-01,1990-11-30,53,'204,Benin,LCU,Local currency units per USD,XOF,CFA Franc BCEAO,1990,1990,7011,November,,250.025953173337000,X
BEN,1990-12-01,1990-12-31,53,'204,Benin,LCU,Local currency units per USD,XOF,CFA Franc BCEAO,1990,1990,7012,December,,253.320965734906000,X
BEN,1991-01-01,1991-12-31,53,'204,Benin,LCU,Local currency units per USD,XOF,CFA Franc BCEAO,1991,1991,7021,Annual value,,282.106908799999990,X
BEN,1991-01-01,1991-01-31,53,'204,Benin,LCU,Local currency units per USD,XOF,CFA Franc BCEAO,1991,1991,7001,January,,256.535977991489010,X
BEN,1991-02-01,1991-02-28,53,'204,Benin,LCU,Local currency units per USD,XOF,CFA Franc BCEAO,1991,1991,7002,February,,251.970960588283990,X
BEN,1991-03-01,1991-03-31,53,'204,Benin,LCU,Local currency units per USD,XOF,CFA Franc BCEAO,1991,1991,7003,March,,272.991040723085010,X
BEN,1991-04-01,1991-04-30,53,'204,Benin,LCU,Local currency units per USD,XOF,CFA Franc BCEAO,1991,1991,7004,April,,287.971097831520980,X
BEN,1991-05-01,1991-05-31,53,'204,Benin,LCU,Local currency units per USD,XOF,CFA Franc BCEAO,1991,1991,7005,May,,290.986109325642080,X
BEN,1991-06-01,1991-06-30,53,'204,Benin,LCU,Local currency units per USD,XOF,CFA Franc BCEAO,1991,1991,7006,June,,302.906154768402080,X
BEN,1991-07-01,1991-07-31,53,'204,Benin,LCU,Local currency units per USD,XOF,CFA Franc BCEAO,1991,1991,7007,July,,303.596157398896930,X
BEN,1991-08-01,1991-08-31,53,'204,Benin,LCU,Local currency units per USD,XOF,CFA Franc BCEAO,1991,1991,7008,August,,296.521130426789000,X
BEN,1991-09-01,1991-09-30,53,'204,Benin,LCU,Local currency units per USD,XOF,CFA Franc BCEAO,1991,1991,7009,September,,289.001101758202030,X
BEN,1991-10-01,1991-10-31,53,'204,Benin,LCU,Local currency units per USD,XOF,CFA Franc BCEAO,1991,1991,7010,October,,288.151098517737010,X
BEN,1991-11-01,1991-11-30,53,'204,Benin,LCU,Local currency units per USD,XOF,CFA Franc BCEAO,1991,1991,7011,November,,276.846055419548010,X
BEN,1991-12-01,1991-12-31,53,'204,Benin,LCU,Local currency units per USD,XOF,CFA Franc BCEAO,1991,1991,7012,December,,267.806020956246980,X
BEN,1992-01-01,1992-12-31,53,'204,Benin,LCU,Local currency units per USD,XOF,CFA Franc BCEAO,1992,1992,7021,Annual value,,264.691800800000010,X
BEN,1992-01-01,1992-01-31,53,'204,Benin,LCU,Local currency units per USD,XOF,CFA Franc BCEAO,1992,1992,7001,January,,269.006025531021010,X
BEN,1992-02-01,1992-02-29,53,'204,Benin,LCU,Local currency units per USD,XOF,CFA Franc BCEAO,1992,1992,7002,February,,275.556050501665990,X
BEN,1992-03-01,1992-03-31,53,'204,Benin,LCU,Local currency units per USD,XOF,CFA Franc BCEAO,1992,1992,7003,March,,281.986075014832980,X
BEN,1992-04-01,1992-04-30,53,'204,Benin,LCU,Local currency units per USD,XOF,CFA Franc BCEAO,1992,1992,7004,April,,278.701062491387010,X
BEN,1992-05-01,1992-05-31,53,'204,Benin,LCU,Local currency units per USD,XOF,CFA Franc BCEAO,1992,1992,7005,May,,272.466038721620980,X
BEN,1992-06-01,1992-06-30,53,'204,Benin,LCU,Local currency units per USD,XOF,CFA Franc BCEAO,1992,1992,7006,June,,264.925509974882000,X
BEN,1992-07-01,1992-07-31,53,'204,Benin,LCU,Local currency units per USD,XOF,CFA Franc BCEAO,1992,1992,7007,July,,251.560959025236000,X
BEN,1992-08-01,1992-08-31,53,'204,Benin,LCU,Local currency units per USD,XOF,CFA Franc BCEAO,1992,1992,7008,August,,246.240938743736000,X
BEN,1992-09-01,1992-09-30,53,'204,Benin,LCU,Local currency units per USD,XOF,CFA Franc BCEAO,1992,1992,7009,September,,246.195938572182030,X
BEN,1992-10-01,1992-10-31,53,'204,Benin,LCU,Local currency units per USD,XOF,CFA Franc BCEAO,1992,1992,7010,October,,251.535958929929000,X
BEN,1992-11-01,1992-11-30,53,'204,Benin,LCU,Local currency units per USD,XOF,CFA Franc BCEAO,1992,1992,7011,November,,268.471023491433980,X
BEN,1992-12-01,1992-12-31,53,'204,Benin,LCU,Local currency units per USD,XOF,CFA Franc BCEAO,1992,1992,7012,December,,269.656028009024000,X
BEN,1993-01-01,1993-12-31,53,'204,Benin,LCU,Local currency units per USD,XOF,CFA Franc BCEAO,1993,1993,7021,Annual value,,283.162579499999990,X
BEN,1993-01-01,1993-01-31,53,'204,Benin,LCU,Local currency units per USD,XOF,CFA Franc BCEAO,1993,1993,7001,January,,274.061044802259000,X
BEN,1993-02-01,1993-02-28,53,'204,Benin,LCU,Local currency units per USD,XOF,CFA Franc BCEAO,1993,1993,7002,February,,278.196060566169990,X
BEN,1993-03-01,1993-03-31,53,'204,Benin,LCU,Local currency units per USD,XOF,CFA Franc BCEAO,1993,1993,7003,March,,279.746066475252970,X
BEN,1993-04-01,1993-04-30,53,'204,Benin,LCU,Local currency units per USD,XOF,CFA Franc BCEAO,1993,1993,7004,April,,269.861028790548000,X
BEN,1993-05-01,1993-05-31,53,'204,Benin,LCU,Local currency units per USD,XOF,CFA Franc BCEAO,1993,1993,7005,May,,270.621031687904970,X
BEN,1993-06-01,1993-06-30,53,'204,Benin,LCU,Local currency units per USD,XOF,CFA Franc BCEAO,1993,1993,7006,June,,278.261060813970000,X
BEN,1993-07-01,1993-07-31,53,'204,Benin,LCU,Local currency units per USD,XOF,CFA Franc BCEAO,1993,1993,7007,July,,291.701112051444970,X
BEN,1993-08-01,1993-08-31,53,'204,Benin,LCU,Local currency units per USD,XOF,CFA Franc BCEAO,1993,1993,7008,August,,296.381129893065010,X
BEN,1993-09-01,1993-09-30,53,'204,Benin,LCU,Local currency units per USD,XOF,CFA Franc BCEAO,1993,1993,7009,September,,283.762081785498990,X
BEN,1993-10-01,1993-10-31,53,'204,Benin,LCU,Local currency units per USD,XOF,CFA Franc BCEAO,1993,1993,7010,October,,287.469595919646000,X
BEN,1993-11-01,1993-11-30,53,'204,Benin,LCU,Local currency units per USD,XOF,CFA Franc BCEAO,1993,1993,7011,November,,295.458126374301000,X
BEN,1993-12-01,1993-12-31,53,'204,Benin,LCU,Local currency units per USD,XOF,CFA Franc BCEAO,1993,1993,7012,December,,292.432614840151020,X
BEN,1994-01-01,1994-12-31,53,'204,Benin,LCU,Local currency units per USD,XOF,CFA Franc BCEAO,1994,1994,7021,Annual value,,555.204695700000000,X
BEN,1994-01-01,1994-01-31,53,'204,Benin,LCU,Local currency units per USD,XOF,CFA Franc BCEAO,1994,1994,7001,January,,592.045208638396960,X
BEN,1994-02-01,1994-02-28,53,'204,Benin,LCU,Local currency units per USD,XOF,CFA Franc BCEAO,1994,1994,7002,February,,590.100207952973050,X
BEN,1994-03-01,1994-03-31,53,'204,Benin,LCU,Local currency units per USD,XOF,CFA Franc BCEAO,1994,1994,7003,March,,576.459203145844980,X
BEN,1994-04-01,1994-04-30,53,'204,Benin,LCU,Local currency units per USD,XOF,CFA Franc BCEAO,1994,1994,7004,April,,581.354204870856960,X
BEN,1994-05-01,1994-05-31,53,'204,Benin,LCU,Local currency units per USD,XOF,CFA Franc BCEAO,1994,1994,7005,May,,568.095200198347020,X
BEN,1994-06-01,1994-06-30,53,'204,Benin,LCU,Local currency units per USD,XOF,CFA Franc BCEAO,1994,1994,7006,June,,556.798196217250960,X
BEN,1994-07-01,1994-07-31,53,'204,Benin,LCU,Local currency units per USD,XOF,CFA Franc BCEAO,1994,1994,7007,July,,538.705189841224980,X
BEN,1994-08-01,1994-08-31,53,'204,Benin,LCU,Local currency units per USD,XOF,CFA Franc BCEAO,1994,1994,7008,August,,536.739189148399990,X
BEN,1994-09-01,1994-09-30,53,'204,Benin,LCU,Local currency units per USD,XOF,CFA Franc BCEAO,1994,1994,7009,September,,530.634186996980020,X
BEN,1994-10-01,1994-10-31,53,'204,Benin,LCU,Local currency units per USD,XOF,CFA Franc BCEAO,1994,1994,7010,October,,520.592183458149980,X
BEN,1994-11-01,1994-11-30,53,'204,Benin,LCU,Local currency units per USD,XOF,CFA Franc BCEAO,1994,1994,7011,November,,529.485186592069000,X
BEN,1994-12-01,1994-12-31,53,'204,Benin,LCU,Local currency units per USD,XOF,CFA Franc BCEAO,1994,1994,7012,December,,541.448190807866010,X
BEN,1995-01-01,1995-12-31,53,'204,Benin,LCU,Local currency units per USD,XOF,CFA Franc BCEAO,1995,1995,7021,Annual value,,499.148425900000010,X
BEN,1995-01-01,1995-01-31,53,'204,Benin,LCU,Local currency units per USD,XOF,CFA Franc BCEAO,1995,1995,7001,January,,529.431186573040010,X
BEN,1995-02-01,1995-02-28,53,'204,Benin,LCU,Local currency units per USD,XOF,CFA Franc BCEAO,1995,1995,7002,February,,522.889184267619950,X
BEN,1995-03-01,1995-03-31,53,'204,Benin,LCU,Local currency units per USD,XOF,CFA Franc BCEAO,1995,1995,7003,March,,498.333175614012990,X
BEN,1995-04-01,1995-04-30,53,'204,Benin,LCU,Local currency units per USD,XOF,CFA Franc BCEAO,1995,1995,7004,April,,484.595170772701980,X
BEN,1995-05-01,1995-05-31,53,'204,Benin,LCU,Local currency units per USD,XOF,CFA Franc BCEAO,1995,1995,7005,May,,499.078175876553020,X
BEN,1995-06-01,1995-06-30,53,'204,Benin,LCU,Local currency units per USD,XOF,CFA Franc BCEAO,1995,1995,7006,June,,491.638173254675000,X
BEN,1995-07-01,1995-07-31,53,'204,Benin,LCU,Local currency units per USD,XOF,CFA Franc BCEAO,1995,1995,7007,July,,483.245170296958010,X
BEN,1995-08-01,1995-08-31,53,'204,Benin,LCU,Local currency units per USD,XOF,CFA Franc BCEAO,1995,1995,7008,August,,497.136175192187010,X
BEN,1995-09-01,1995-09-30,53,'204,Benin,LCU,Local currency units per USD,XOF,CFA Franc BCEAO,1995,1995,7009,September,,504.314177721735060,X
BEN,1995-10-01,1995-10-31,53,'204,Benin,LCU,Local currency units per USD,XOF,CFA Franc BCEAO,1995,1995,7010,October,,494.105174124053010,X
BEN,1995-11-01,1995-11-30,53,'204,Benin,LCU,Local currency units per USD,XOF,CFA Franc BCEAO,1995,1995,7011,November,,488.650172201695000,X
BEN,1995-12-01,1995-12-31,53,'204,Benin,LCU,Local currency units per USD,XOF,CFA Franc BCEAO,1995,1995,7012,December,,496.365174920483980,X
BEN,1996-01-01,1996-12-31,53,'204,Benin,LCU,Local currency units per USD,XOF,CFA Franc BCEAO,1996,1996,7021,Annual value,,511.552430300000030,X
BEN,1996-01-01,1996-01-31,53,'204,Benin,LCU,Local currency units per USD,XOF,CFA Franc BCEAO,1996,1996,7001,January,,500.561176399166980,X
BEN,1996-02-01,1996-02-29,53,'204,Benin,LCU,Local currency units per USD,XOF,CFA Franc BCEAO,1996,1996,7002,February,,504.064177633634070,X
BEN,1996-03-01,1996-03-31,53,'204,Benin,LCU,Local currency units per USD,XOF,CFA Franc BCEAO,1996,1996,7003,March,,505.914178285580020,X
BEN,1996-04-01,1996-04-30,53,'204,Benin,LCU,Local currency units per USD,XOF,CFA Franc BCEAO,1996,1996,7004,April,,510.604179938348980,X
BEN,1996-05-01,1996-05-31,53,'204,Benin,LCU,Local currency units per USD,XOF,CFA Franc BCEAO,1996,1996,7005,May,,519.138182945755940,X
BEN,1996-06-01,1996-06-30,53,'204,Benin,LCU,Local currency units per USD,XOF,CFA Franc BCEAO,1996,1996,7006,June,,517.678182431248050,X
BEN,1996-07-01,1996-07-31,53,'204,Benin,LCU,Local currency units per USD,XOF,CFA Franc BCEAO,1996,1996,7007,July,,509.343179493968930,X
BEN,1996-08-01,1996-08-31,53,'204,Benin,LCU,Local currency units per USD,XOF,CFA Franc BCEAO,1996,1996,7008,August,,506.003178316944000,X
BEN,1996-09-01,1996-09-30,53,'204,Benin,LCU,Local currency units per USD,XOF,CFA Franc BCEAO,1996,1996,7009,September,,512.829180722446040,X
BEN,1996-10-01,1996-10-31,53,'204,Benin,LCU,Local currency units per USD,XOF,CFA Franc BCEAO,1996,1996,7010,October,,516.668182075321060,X
BEN,1996-11-01,1996-11-30,53,'204,Benin,LCU,Local currency units per USD,XOF,CFA Franc BCEAO,1996,1996,7011,November,,511.597180288285930,X
BEN,1996-12-01,1996-12-31,53,'204,Benin,LCU,Local currency units per USD,XOF,CFA Franc BCEAO,1996,1996,7012,December,,524.228184739487010,X
BEN,1997-01-01,1997-12-31,53,'204,Benin,LCU,Local currency units per USD,XOF,CFA Franc BCEAO,1997,1997,7021,Annual value,,583.669372400000040,X
BEN,1997-01-01,1997-01-31,53,'204,Benin,LCU,Local currency units per USD,XOF,CFA Franc BCEAO,1997,1997,7001,January,,541.689190892794950,X
BEN,1997-02-01,1997-02-28,53,'204,Benin,LCU,Local currency units per USD,XOF,CFA Franc BCEAO,1997,1997,7002,February,,565.476199275403020,X
BEN,1997-03-01,1997-03-31,53,'204,Benin,LCU,Local currency units per USD,XOF,CFA Franc BCEAO,1997,1997,7003,March,,571.954201558270030,X
BEN,1997-04-01,1997-04-30,53,'204,Benin,LCU,Local currency units per USD,XOF,CFA Franc BCEAO,1997,1997,7004,April,,576.250203072193020,X
BEN,1997-05-01,1997-05-31,53,'204,Benin,LCU,Local currency units per USD,XOF,CFA Franc BCEAO,1997,1997,7005,May,,574.305202386769000,X
BEN,1997-06-01,1997-06-30,53,'204,Benin,LCU,Local currency units per USD,XOF,CFA Franc BCEAO,1997,1997,7006,June,,582.902205416377000,X
BEN,1997-07-01,1997-07-31,53,'204,Benin,LCU,Local currency units per USD,XOF,CFA Franc BCEAO,1997,1997,7007,July,,604.362212978943940,X
BEN,1997-08-01,1997-08-31,53,'204,Benin,LCU,Local currency units per USD,XOF,CFA Franc BCEAO,1997,1997,7008,August,,620.495218664260960,X
BEN,1997-09-01,1997-09-30,53,'204,Benin,LCU,Local currency units per USD,XOF,CFA Franc BCEAO,1997,1997,7009,September,,601.486211965432970,X
BEN,1997-10-01,1997-10-31,53,'204,Benin,LCU,Local currency units per USD,XOF,CFA Franc BCEAO,1997,1997,7010,October,,589.275207662240970,X
BEN,1997-11-01,1997-11-30,53,'204,Benin,LCU,Local currency units per USD,XOF,CFA Franc BCEAO,1997,1997,7011,November,,580.818204681968950,X
BEN,1997-12-01,1997-12-31,53,'204,Benin,LCU,Local currency units per USD,XOF,CFA Franc BCEAO,1997,1997,7012,December,,595.018209686091040,X
BEN,1998-01-01,1998-12-31,53,'204,Benin,LCU,Local currency units per USD,XOF,CFA Franc BCEAO,1998,1998,7021,Annual value,,589.951774600000020,X
BEN,1998-01-01,1998-01-31,53,'204,Benin,LCU,Local currency units per USD,XOF,CFA Franc BCEAO,1998,1998,7001,January,,608.360214387850990,X
BEN,1998-02-01,1998-02-28,53,'204,Benin,LCU,Local currency units per USD,XOF,CFA Franc BCEAO,1998,1998,7002,February,,608.428214411814000,X
BEN,1998-03-01,1998-03-31,53,'204,Benin,LCU,Local currency units per USD,XOF,CFA Franc BCEAO,1998,1998,7003,March,,612.215215746364040,X
BEN,1998-04-01,1998-04-30,53,'204,Benin,LCU,Local currency units per USD,XOF,CFA Franc BCEAO,1998,1998,7004,April,,608.337214379746000,X
BEN,1998-05-01,1998-05-31,53,'204,Benin,LCU,Local currency units per USD,XOF,CFA Franc BCEAO,1998,1998,7005,May,,595.186209745294950,X
BEN,1998-06-01,1998-06-30,53,'204,Benin,LCU,Local currency units per USD,XOF,CFA Franc BCEAO,1998,1998,7006,June,,601.108211832225040,X
BEN,1998-07-01,1998-07-31,53,'204,Benin,LCU,Local currency units per USD,XOF,CFA Franc BCEAO,1998,1998,7007,July,,602.273212242773980,X
BEN,1998-08-01,1998-08-31,53,'204,Benin,LCU,Local currency units per USD,XOF,CFA Franc BCEAO,1998,1998,7008,August,,599.499011265138050,X
BEN,1998-09-01,1998-09-30,53,'204,Benin,LCU,Local currency units per USD,XOF,CFA Franc BCEAO,1998,1998,7009,September,,570.677201108250980,X
BEN,1998-10-01,1998-10-31,53,'204,Benin,LCU,Local currency units per USD,XOF,CFA Franc BCEAO,1998,1998,7010,October,,549.502193646119050,X
BEN,1998-11-01,1998-11-30,53,'204,Benin,LCU,Local currency units per USD,XOF,CFA Franc BCEAO,1998,1998,7011,November,,563.822198692529010,X
BEN,1998-12-01,1998-12-31,53,'204,Benin,LCU,Local currency units per USD,XOF,CFA Franc BCEAO,1998,1998,7012,December,,560.012197349873990,X
BEN,1999-01-01,1999-12-31,53,'204,Benin,LCU,Local currency units per USD,XOF,CFA Franc BCEAO,1999,1999,7021,Annual value,,615.473349300000000,X
BEN,2000-01-01,2000-12-31,53,'204,Benin,LCU,Local currency units per USD,XOF,CFA Franc BCEAO,2000,2000,7021,Annual value,,710.207977000000030,X
BEN,2001-01-01,2001-12-31,53,'204,Benin,LCU,Local currency units per USD,XOF,CFA Franc BCEAO,2001,2001,7021,Annual value,,732.397693300000010,X
BEN,2002-01-01,2002-12-31,53,'204,Benin,LCU,Local currency units per USD,XOF,CFA Franc BCEAO,2002,2002,7021,Annual value,,693.713226500000020,X
BEN,2003-01-01,2003-12-31,53,'204,Benin,LCU,Local currency units per USD,XOF,CFA Franc BCEAO,2003,2003,7021,Annual value,,579.897426200000040,X
BEN,2004-01-01,2004-12-31,53,'204,Benin,LCU,Local currency units per USD,XOF,CFA Franc BCEAO,2004,2004,7021,Annual value,,527.338032300000010,X
BEN,2005-01-01,2005-12-31,53,'204,Benin,LCU,Local currency units per USD,XOF,CFA Franc BCEAO,2005,2005,7021,Annual value,,527.258362600000050,X
BEN,2006-01-01,2006-12-31,53,'204,Benin,LCU,Local currency units per USD,XOF,CFA Franc BCEAO,2006,2006,7021,Annual value,,522.425624900000000,X
BEN,2007-01-01,2007-12-31,53,'204,Benin,LCU,Local currency units per USD,XOF,CFA Franc BCEAO,2007,2007,7021,Annual value,,478.633718499999990,X
BEN,2008-01-01,2008-12-31,53,'204,Benin,LCU,Local currency units per USD,XOF,CFA Franc BCEAO,2008,2008,7021,Annual value,,446.000041399999990,X
BEN,2009-01-01,2009-12-31,53,'204,Benin,LCU,Local currency units per USD,XOF,CFA Franc BCEAO,2009,2009,7021,Annual value,,470.293423299999970,X
BEN,2010-01-01,2010-12-31,53,'204,Benin,LCU,Local currency units per USD,XOF,CFA Franc BCEAO,2010,2010,7021,Annual value,,494.794262199999990,X
BEN,2011-01-01,2011-12-31,53,'204,Benin,LCU,Local currency units per USD,XOF,CFA Franc BCEAO,2011,2011,7021,Annual value,,471.248625699999990,X
BEN,2012-01-01,2012-12-31,53,'204,Benin,LCU,Local currency units per USD,XOF,CFA Franc BCEAO,2012,2012,7021,Annual value,,510.556338499999980,X
BEN,2012-01-01,2012-01-31,53,'204,Benin,LCU,Local currency units per USD,XOF,CFA Franc BCEAO,2012,2012,7001,January,,508.302155283229980,X
BEN,2012-02-01,2012-02-29,53,'204,Benin,LCU,Local currency units per USD,XOF,CFA Franc BCEAO,2012,2012,7002,February,,496.031666582654000,X
BEN,2012-03-01,2012-03-31,53,'204,Benin,LCU,Local currency units per USD,XOF,CFA Franc BCEAO,2012,2012,7003,March,,496.899477312325020,X
BEN,2012-04-01,2012-04-30,53,'204,Benin,LCU,Local currency units per USD,XOF,CFA Franc BCEAO,2012,2012,7004,April,,498.381792516595000,X
BEN,2012-05-01,2012-05-31,53,'204,Benin,LCU,Local currency units per USD,XOF,CFA Franc BCEAO,2012,2012,7005,May,,512.910831828718980,X
BEN,2012-06-01,2012-06-30,53,'204,Benin,LCU,Local currency units per USD,XOF,CFA Franc BCEAO,2012,2012,7006,June,,523.664408557992030,X
BEN,2012-07-01,2012-07-31,53,'204,Benin,LCU,Local currency units per USD,XOF,CFA Franc BCEAO,2012,2012,7007,July,,533.799427400423040,X
BEN,2012-08-01,2012-08-31,53,'204,Benin,LCU,Local currency units per USD,XOF,CFA Franc BCEAO,2012,2012,7008,August,,528.999435481896970,X
BEN,2012-09-01,2012-09-30,53,'204,Benin,LCU,Local currency units per USD,XOF,CFA Franc BCEAO,2012,2012,7009,September,,510.246038722122990,X
BEN,2012-10-01,2012-10-31,53,'204,Benin,LCU,Local currency units per USD,XOF,CFA Franc BCEAO,2012,2012,7010,October,,505.586717425272010,X
BEN,2012-11-01,2012-11-30,53,'204,Benin,LCU,Local currency units per USD,XOF,CFA Franc BCEAO,2012,2012,7011,November,,511.358704510835990,X
BEN,2012-12-01,2012-12-31,53,'204,Benin,LCU,Local currency units per USD,XOF,CFA Franc BCEAO,2012,2012,7012,December,,499.991294510312000,X
BEN,2013-01-01,2013-12-31,53,'204,Benin,LCU,Local currency units per USD,XOF,CFA Franc BCEAO,2013,2013,7021,Annual value,,493.899623899999990,X
BEN,2014-01-01,2014-12-31,53,'204,Benin,LCU,Local currency units per USD,XOF,CFA Franc BCEAO,2014,2014,7021,Annual value,,493.757329900000000,X
BEN,2015-01-01,2015-12-31,53,'204,Benin,LCU,Local currency units per USD,XOF,CFA Franc BCEAO,2015,2015,7021,Annual value,,591.211697999999960,X
BEN,2016-01-01,2016-12-31,53,'204,Benin,LCU,Local currency units per USD,XOF,CFA Franc BCEAO,2016,2016,7021,Annual value,,592.605615100000020,X
BEN,2016-01-01,2016-01-31,53,'204,Benin,LCU,Local currency units per USD,XOF,CFA Franc BCEAO,2016,2016,7001,January,,604.031437477266990,X
BEN,2016-02-01,2016-02-29,53,'204,Benin,LCU,Local currency units per USD,XOF,CFA Franc BCEAO,2016,2016,7002,February,,591.327698409992990,X
BEN,2016-03-01,2016-03-31,53,'204,Benin,LCU,Local currency units per USD,XOF,CFA Franc BCEAO,2016,2016,7003,March,,590.969999099054010,X
BEN,2016-04-01,2016-04-30,53,'204,Benin,LCU,Local currency units per USD,XOF,CFA Franc BCEAO,2016,2016,7004,April,,578.486622459845990,X
BEN,2016-05-01,2016-05-31,53,'204,Benin,LCU,Local currency units per USD,XOF,CFA Franc BCEAO,2016,2016,7005,May,,579.923727315100000,X
BEN,2016-06-01,2016-06-30,53,'204,Benin,LCU,Local currency units per USD,XOF,CFA Franc BCEAO,2016,2016,7006,June,,584.168056477603050,X
BEN,2016-07-01,2016-07-31,53,'204,Benin,LCU,Local currency units per USD,XOF,CFA Franc BCEAO,2016,2016,7007,July,,592.632776771529960,X
BEN,2016-08-01,2016-08-31,53,'204,Benin,LCU,Local currency units per USD,XOF,CFA Franc BCEAO,2016,2016,7008,August,,585.062667235417050,X
BEN,2016-09-01,2016-09-30,53,'204,Benin,LCU,Local currency units per USD,XOF,CFA Franc BCEAO,2016,2016,7009,September,,585.044310930564960,X
BEN,2016-10-01,2016-10-31,53,'204,Benin,LCU,Local currency units per USD,XOF,CFA Franc BCEAO,2016,2016,7010,October,,594.915805430410160,X
BEN,2016-11-01,2016-11-30,53,'204,Benin,LCU,Local currency units per USD,XOF,CFA Franc BCEAO,2016,2016,7011,November,,607.426392285423050,X
BEN,2016-12-01,2016-12-31,53,'204,Benin,LCU,Local currency units per USD,XOF,CFA Franc BCEAO,2016,2016,7012,December,,622.178626112785990,X
BEN,2017-01-01,2017-12-31,53,'204,Benin,LCU,Local currency units per USD,XOF,CFA Franc BCEAO,2017,2017,7021,Annual value,,580.656749600000010,X
BEN,2017-01-01,2017-01-31,53,'204,Benin,LCU,Local currency units per USD,XOF,CFA Franc BCEAO,2017,2017,7001,January,,617.987298569274000,X
BEN,2017-02-01,2017-02-28,53,'204,Benin,LCU,Local currency units per USD,XOF,CFA Franc BCEAO,2017,2017,7002,February,,616.347432265460040,X
BEN,2017-03-01,2017-03-31,53,'204,Benin,LCU,Local currency units per USD,XOF,CFA Franc BCEAO,2017,2017,7003,March,,613.922025815057960,X
BEN,2017-04-01,2017-04-30,53,'204,Benin,LCU,Local currency units per USD,XOF,CFA Franc BCEAO,2017,2017,7004,April,,611.748010445144020,X
BEN,2017-05-01,2017-05-31,53,'204,Benin,LCU,Local currency units per USD,XOF,CFA Franc BCEAO,2017,2017,7005,May,,593.223603888763020,X
BEN,2017-06-01,2017-06-30,53,'204,Benin,LCU,Local currency units per USD,XOF,CFA Franc BCEAO,2017,2017,7006,June,,584.139681357445170,X
BEN,2017-07-01,2017-07-31,53,'204,Benin,LCU,Local currency units per USD,XOF,CFA Franc BCEAO,2017,2017,7007,July,,569.845243118462010,X
BEN,2017-08-01,2017-08-31,53,'204,Benin,LCU,Local currency units per USD,XOF,CFA Franc BCEAO,2017,2017,7008,August,,555.578464767716010,X
BEN,2017-09-01,2017-09-30,53,'204,Benin,LCU,Local currency units per USD,XOF,CFA Franc BCEAO,2017,2017,7009,September,,550.550226613290990,X
BEN,2017-10-01,2017-10-31,53,'204,Benin,LCU,Local currency units per USD,XOF,CFA Franc BCEAO,2017,2017,7010,October,,557.982824818545050,X
BEN,2017-11-01,2017-11-30,53,'204,Benin,LCU,Local currency units per USD,XOF,CFA Franc BCEAO,2017,2017,7011,November,,558.831998636905950,X
BEN,2017-12-01,2017-12-31,53,'204,Benin,LCU,Local currency units per USD,XOF,CFA Franc BCEAO,2017,2017,7012,December,,554.195110454972000,X
BEN,2018-01-01,2018-12-31,53,'204,Benin,LCU,Local currency units per USD,XOF,CFA Franc BCEAO,2018,2018,7021,Annual value,,555.446458399999980,X
BEN,2018-01-01,2018-01-31,53,'204,Benin,LCU,Local currency units per USD,XOF,CFA Franc BCEAO,2018,2018,7001,January,,537.691708676584990,X
BEN,2018-02-01,2018-02-28,53,'204,Benin,LCU,Local currency units per USD,XOF,CFA Franc BCEAO,2018,2018,7002,February,,531.233904015290020,X
BEN,2018-03-01,2018-03-31,53,'204,Benin,LCU,Local currency units per USD,XOF,CFA Franc BCEAO,2018,2018,7003,March,,531.733845441230980,X
BEN,2018-04-01,2018-04-30,53,'204,Benin,LCU,Local currency units per USD,XOF,CFA Franc BCEAO,2018,2018,7004,April,,534.327932683299990,X
BEN,2018-05-01,2018-05-31,53,'204,Benin,LCU,Local currency units per USD,XOF,CFA Franc BCEAO,2018,2018,7005,May,,555.320334476229960,X
BEN,2018-06-01,2018-06-30,53,'204,Benin,LCU,Local currency units per USD,XOF,CFA Franc BCEAO,2018,2018,7006,June,,561.689460292593030,X
BEN,2018-07-01,2018-07-31,53,'204,Benin,LCU,Local currency units per USD,XOF,CFA Franc BCEAO,2018,2018,7007,July,,561.331772247432010,X
BEN,2018-08-01,2018-08-31,53,'204,Benin,LCU,Local currency units per USD,XOF,CFA Franc BCEAO,2018,2018,7008,August,,567.979452312656010,X
BEN,2018-09-01,2018-09-30,53,'204,Benin,LCU,Local currency units per USD,XOF,CFA Franc BCEAO,2018,2018,7009,September,,562.633055143369010,X
BEN,2018-10-01,2018-10-31,53,'204,Benin,LCU,Local currency units per USD,XOF,CFA Franc BCEAO,2018,2018,7010,October,,571.189930830295000,X
BEN,2018-11-01,2018-11-30,53,'204,Benin,LCU,Local currency units per USD,XOF,CFA Franc BCEAO,2018,2018,7011,November,,577.078269771365970,X
BEN,2018-12-01,2018-12-31,53,'204,Benin,LCU,Local currency units per USD,XOF,CFA Franc BCEAO,2018,2018,7012,December,,576.198936662033020,X
BEN,2019-01-01,2019-12-31,53,'204,Benin,LCU,Local currency units per USD,XOF,CFA Franc BCEAO,2019,2019,7021,Annual value,,585.950813799999990,X
BEN,2019-01-01,2019-01-31,53,'204,Benin,LCU,Local currency units per USD,XOF,CFA Franc BCEAO,2019,2019,7001,January,,574.573839091264970,X
BEN,2019-02-01,2019-02-28,53,'204,Benin,LCU,Local currency units per USD,XOF,CFA Franc BCEAO,2019,2019,7002,February,,577.877131391973990,X
BEN,2019-03-01,2019-03-31,53,'204,Benin,LCU,Local currency units per USD,XOF,CFA Franc BCEAO,2019,2019,7003,March,,580.365743705561040,X
BEN,2019-04-01,2019-04-30,53,'204,Benin,LCU,Local currency units per USD,XOF,CFA Franc BCEAO,2019,2019,7004,April,,583.682512846751020,X
BEN,2019-05-01,2019-05-31,53,'204,Benin,LCU,Local currency units per USD,XOF,CFA Franc BCEAO,2019,2019,7005,May,,586.482782724604020,X
BEN,2019-06-01,2019-06-30,53,'204,Benin,LCU,Local currency units per USD,XOF,CFA Franc BCEAO,2019,2019,7006,June,,580.832167460641020,X
BEN,2019-07-01,2019-07-31,53,'204,Benin,LCU,Local currency units per USD,XOF,CFA Franc BCEAO,2019,2019,7007,July,,584.715742395049010,X
BEN,2019-08-01,2019-08-31,53,'204,Benin,LCU,Local currency units per USD,XOF,CFA Franc BCEAO,2019,2019,7008,August,,589.559231463755050,X
BEN,2019-09-01,2019-09-30,53,'204,Benin,LCU,Local currency units per USD,XOF,CFA Franc BCEAO,2019,2019,7009,September,,596.112938264325980,X
BEN,2019-10-01,2019-10-31,53,'204,Benin,LCU,Local currency units per USD,XOF,CFA Franc BCEAO,2019,2019,7010,October,,593.488468150238990,X
BEN,2019-11-01,2019-11-30,53,'204,Benin,LCU,Local currency units per USD,XOF,CFA Franc BCEAO,2019,2019,7011,November,,593.575085103653010,X
BEN,2019-12-01,2019-12-31,53,'204,Benin,LCU,Local currency units per USD,XOF,CFA Franc BCEAO,2019,2019,7012,December,,590.237055099901000,X
BEN,2020-01-01,2020-12-31,53,'204,Benin,LCU,Local currency units per USD,XOF,CFA Franc BCEAO,2020,2020,7021,Annual value,,574.294549599999980,X
BEN,2020-01-01,2020-01-31,53,'204,Benin,LCU,Local currency units per USD,XOF,CFA Franc BCEAO,2020,2020,7001,January,,590.932893271290030,X
BEN,2020-02-01,2020-02-29,53,'204,Benin,LCU,Local currency units per USD,XOF,CFA Franc BCEAO,2020,2020,7002,February,,601.519486474094040,X
BEN,2020-03-01,2020-03-31,53,'204,Benin,LCU,Local currency units per USD,XOF,CFA Franc BCEAO,2020,2020,7003,March,,592.906756506917990,X
BEN,2020-04-01,2020-04-30,53,'204,Benin,LCU,Local currency units per USD,XOF,CFA Franc BCEAO,2020,2020,7004,April,,603.906314733150000,X
BEN,2020-05-01,2020-05-31,53,'204,Benin,LCU,Local currency units per USD,XOF,CFA Franc BCEAO,2020,2020,7005,May,,601.693290588294990,X
BEN,2020-06-01,2020-06-30,53,'204,Benin,LCU,Local currency units per USD,XOF,CFA Franc BCEAO,2020,2020,7006,June,,582.835045092704950,X
BEN,2020-07-01,2020-07-31,53,'204,Benin,LCU,Local currency units per USD,XOF,CFA Franc BCEAO,2020,2020,7007,July,,572.218973063580960,X
BEN,2020-08-01,2020-08-31,53,'204,Benin,LCU,Local currency units per USD,XOF,CFA Franc BCEAO,2020,2020,7008,August,,554.575345223248970,X
BEN,2020-09-01,2020-09-30,53,'204,Benin,LCU,Local currency units per USD,XOF,CFA Franc BCEAO,2020,2020,7009,September,,556.253599195172000,X
BEN,2020-10-01,2020-10-31,53,'204,Benin,LCU,Local currency units per USD,XOF,CFA Franc BCEAO,2020,2020,7010,October,,557.067406795486020,X
BEN,2020-11-01,2020-11-30,53,'204,Benin,LCU,Local currency units per USD,XOF,CFA Franc BCEAO,2020,2020,7011,November,,554.115794300782000,X
BEN,2020-12-01,2020-12-31,53,'204,Benin,LCU,Local currency units per USD,XOF,CFA Franc BCEAO,2020,2020,7012,December,,539.007148886594000,X
BEN,2021-01-01,2021-12-31,53,'204,Benin,LCU,Local currency units per USD,XOF,CFA Franc BCEAO,2021,2021,7021,Annual value,,554.607798900000030,X
BEN,2021-01-01,2021-01-31,53,'204,Benin,LCU,Local currency units per USD,XOF,CFA Franc BCEAO,2021,2021,7001,January,,538.957427000000050,X
BEN,2021-02-01,2021-02-28,53,'204,Benin,LCU,Local currency units per USD,XOF,CFA Franc BCEAO,2021,2021,7002,February,,542.207325200000010,X
BEN,2021-03-01,2021-03-31,53,'204,Benin,LCU,Local currency units per USD,XOF,CFA Franc BCEAO,2021,2021,7003,March,,551.266666399999960,X
BEN,2021-04-01,2021-04-30,53,'204,Benin,LCU,Local currency units per USD,XOF,CFA Franc BCEAO,2021,2021,7004,April,,547.584543100000020,X
BEN,2021-05-01,2021-05-31,53,'204,Benin,LCU,Local currency units per USD,XOF,CFA Franc BCEAO,2021,2021,7005,May,,540.064336799999980,X
BEN,2021-06-01,2021-06-30,53,'204,Benin,LCU,Local currency units per USD,XOF,CFA Franc BCEAO,2021,2021,7006,June,,544.494106500000040,X
BEN,2021-07-01,2021-07-31,53,'204,Benin,LCU,Local currency units per USD,XOF,CFA Franc BCEAO,2021,2021,7007,July,,554.869809300000040,X
BEN,2021-08-01,2021-08-31,53,'204,Benin,LCU,Local currency units per USD,XOF,CFA Franc BCEAO,2021,2021,7008,August,,557.226581200000060,X
BEN,2021-09-01,2021-09-30,53,'204,Benin,LCU,Local currency units per USD,XOF,CFA Franc BCEAO,2021,2021,7009,September,,557.297593699999990,X
BEN,2021-10-01,2021-10-31,53,'204,Benin,LCU,Local currency units per USD,XOF,CFA Franc BCEAO,2021,2021,7010,October,,565.408219799999980,X
BEN,2021-11-01,2021-11-30,53,'204,Benin,LCU,Local currency units per USD,XOF,CFA Franc BCEAO,2021,2021,7011,November,,574.692822600000000,X
BEN,2021-12-01,2021-12-31,53,'204,Benin,LCU,Local currency units per USD,XOF,CFA Franc BCEAO,2021,2021,7012,December,,580.298668799999970,X
BEN,2022-01-01,2022-12-31,53,'204,Benin,LCU,Local currency units per USD,XOF,CFA Franc BCEAO,2022,2022,7021,Annual value,,622.912348200000000,X
BEN,2023-01-01,2023-12-31,53,'204,Benin,LCU,Local currency units per USD,XOF,CFA Franc BCEAO,2023,2023,7021,Annual value,,606.654982300000030,X
BEN,2023-01-01,2023-01-31,53,'204,Benin,LCU,Local currency units per USD,XOF,CFA Franc BCEAO,2023,2023,7001,January,,609.115981056736020,X
BEN,2023-02-01,2023-02-28,53,'204,Benin,LCU,Local currency units per USD,XOF,CFA Franc BCEAO,2023,2023,7002,February,,612.180007652750990,X
BEN,2023-03-01,2023-03-31,53,'204,Benin,LCU,Local currency units per USD,XOF,CFA Franc BCEAO,2023,2023,7003,March,,612.710308080903020,X
BEN,2023-04-01,2023-04-30,53,'204,Benin,LCU,Local currency units per USD,XOF,CFA Franc BCEAO,2023,2023,7004,April,,598.079516156004960,X
BEN,2023-05-01,2023-05-31,53,'204,Benin,LCU,Local currency units per USD,XOF,CFA Franc BCEAO,2023,2023,7005,May,,603.595123073383890,X
BEN,2023-06-01,2023-06-30,53,'204,Benin,LCU,Local currency units per USD,XOF,CFA Franc BCEAO,2023,2023,7006,June,,605.133996150550960,X
BEN,2023-07-01,2023-07-31,53,'204,Benin,LCU,Local currency units per USD,XOF,CFA Franc BCEAO,2023,2023,7007,July,,593.189117263288950,X
BEN,2023-08-01,2023-08-31,53,'204,Benin,LCU,Local currency units per USD,XOF,CFA Franc BCEAO,2023,2023,7008,August,,601.306117080658050,X
BEN,2023-09-01,2023-09-30,53,'204,Benin,LCU,Local currency units per USD,XOF,CFA Franc BCEAO,2023,2023,7009,September,,613.972945266507850,X
BEN,2023-10-01,2023-10-31,53,'204,Benin,LCU,Local currency units per USD,XOF,CFA Franc BCEAO,2023,2023,7010,October,,621.021706200322000,X
BEN,2023-11-01,2023-11-30,53,'204,Benin,LCU,Local currency units per USD,XOF,CFA Franc BCEAO,2023,2023,7011,November,,606.905261564226980,X
BEN,2023-12-01,2023-12-31,53,'204,Benin,LCU,Local currency units per USD,XOF,CFA Franc BCEAO,2023,2023,7012,December,,601.626922445665970,X
BEN,2024-01-01,2024-12-31,53,'204,Benin,LCU,Local currency units per USD,XOF,CFA Franc BCEAO,2024,2024,7021,Annual value,,606.345297599999980,X
BEN,2024-01-01,2024-01-31,53,'204,Benin,LCU,Local currency units per USD,XOF,CFA Franc BCEAO,2024,2024,7001,January,,601.511964753909980,X
BEN,2024-02-01,2024-02-29,53,'204,Benin,LCU,Local currency units per USD,XOF,CFA Franc BCEAO,2024,2024,7002,February,,607.664994772590030,X
BEN,2024-03-01,2024-03-31,53,'204,Benin,LCU,Local currency units per USD,XOF,CFA Franc BCEAO,2024,2024,7003,March,,603.334191791909010,X
BEN,2024-04-01,2024-04-30,53,'204,Benin,LCU,Local currency units per USD,XOF,CFA Franc BCEAO,2024,2024,7004,April,,611.457455733448910,X
BEN,2024-05-01,2024-05-31,53,'204,Benin,LCU,Local currency units per USD,XOF,CFA Franc BCEAO,2024,2024,7005,May,,606.680736035395970,X
BEN,2024-06-01,2024-06-30,53,'204,Benin,LCU,Local currency units per USD,XOF,CFA Franc BCEAO,2024,2024,7006,June,,609.682126591690010,X
BEN,2024-07-01,2024-07-31,53,'204,Benin,LCU,Local currency units per USD,XOF,CFA Franc BCEAO,2024,2024,7007,July,,604.898321665970000,X
BEN,2024-08-01,2024-08-31,53,'204,Benin,LCU,Local currency units per USD,XOF,CFA Franc BCEAO,2024,2024,7008,August,,595.664883517416910,X
BEN,2024-09-01,2024-09-30,53,'204,Benin,LCU,Local currency units per USD,XOF,CFA Franc BCEAO,2024,2024,7009,September,,590.632991175939990,X
BEN,2024-10-01,2024-10-31,53,'204,Benin,LCU,Local currency units per USD,XOF,CFA Franc BCEAO,2024,2024,7010,October,,601.555462519933030,X
BEN,2024-11-01,2024-11-30,53,'204,Benin,LCU,Local currency units per USD,XOF,CFA Franc BCEAO,2024,2024,7011,November,,617.072610232349010,X
BEN,2024-12-01,2024-12-31,53,'204,Benin,LCU,Local currency units per USD,XOF,CFA Franc BCEAO,2024,2024,7012,December,,625.987832518191000,X
BEN,1970-01-01,1970-12-31,53,'204,Benin,SLC,Standard local currency units per USD,XOF,CFA Franc BCEAO,1970,1970,7021,Annual value,,276.403137000000020,X
BEN,1971-01-01,1971-12-31,53,'204,Benin,SLC,Standard local currency units per USD,XOF,CFA Franc BCEAO,1971,1971,7021,Annual value,,275.356456700000020,X
BEN,1972-01-01,1972-12-31,53,'204,Benin,SLC,Standard local currency units per USD,XOF,CFA Franc BCEAO,1972,1972,7021,Annual value,,252.027627499999990,X
BEN,1973-01-01,1973-12-31,53,'204,Benin,SLC,Standard local currency units per USD,XOF,CFA Franc BCEAO,1973,1973,7021,Annual value,,222.889183100000000,X
BEN,1974-01-01,1974-12-31,53,'204,Benin,SLC,Standard local currency units per USD,XOF,CFA Franc BCEAO,1974,1974,7021,Annual value,,240.704667599999990,X
BEN,1975-01-01,1975-12-31,53,'204,Benin,SLC,Standard local currency units per USD,XOF,CFA Franc BCEAO,1975,1975,7021,Annual value,,214.312900300000000,X
BEN,1976-01-01,1976-12-31,53,'204,Benin,SLC,Standard local currency units per USD,XOF,CFA Franc BCEAO,1976,1976,7021,Annual value,,238.950494300000000,X
BEN,1977-01-01,1977-12-31,53,'204,Benin,SLC,Standard local currency units per USD,XOF,CFA Franc BCEAO,1977,1977,7021,Annual value,,245.679686600000000,X
BEN,1978-01-01,1978-12-31,53,'204,Benin,SLC,Standard local currency units per USD,XOF,CFA Franc BCEAO,1978,1978,7021,Annual value,,225.655860200000010,X
BEN,1979-01-01,1979-12-31,53,'204,Benin,SLC,Standard local currency units per USD,XOF,CFA Franc BCEAO,1979,1979,7021,Annual value,,212.721644300000010,X
BEN,1980-01-01,1980-12-31,53,'204,Benin,SLC,Standard local currency units per USD,XOF,CFA Franc BCEAO,1980,1980,7021,Annual value,,211.279555399999990,X
BEN,1981-01-01,1981-12-31,53,'204,Benin,SLC,Standard local currency units per USD,XOF,CFA Franc BCEAO,1981,1981,7021,Annual value,,271.731452600000010,X
BEN,1982-01-01,1982-12-31,53,'204,Benin,SLC,Standard local currency units per USD,XOF,CFA Franc BCEAO,1982,1982,7021,Annual value,,328.606252700000030,X
BEN,1983-01-01,1983-12-31,53,'204,Benin,SLC,Standard local currency units per USD,XOF,CFA Franc BCEAO,1983,1983,7021,Annual value,,381.066036000000000,X
BEN,1984-01-01,1984-12-31,53,'204,Benin,SLC,Standard local currency units per USD,XOF,CFA Franc BCEAO,1984,1984,7021,Annual value,,436.956665800000000,X
BEN,1985-01-01,1985-12-31,53,'204,Benin,SLC,Standard local currency units per USD,XOF,CFA Franc BCEAO,1985,1985,7021,Annual value,,449.262962700000000,X
BEN,1986-01-01,1986-12-31,53,'204,Benin,SLC,Standard local currency units per USD,XOF,CFA Franc BCEAO,1986,1986,7021,Annual value,,346.305903600000020,X
BEN,1987-01-01,1987-12-31,53,'204,Benin,SLC,Standard local currency units per USD,XOF,CFA Franc BCEAO,1987,1987,7021,Annual value,,300.536562399999980,X
BEN,1988-01-01,1988-12-31,53,'204,Benin,SLC,Standard local currency units per USD,XOF,CFA Franc BCEAO,1988,1988,7021,Annual value,,297.848218799999980,X
BEN,1989-01-01,1989-12-31,53,'204,Benin,SLC,Standard local currency units per USD,XOF,CFA Franc BCEAO,1989,1989,7021,Annual value,,319.008299500000020,X
BEN,1990-01-01,1990-12-31,53,'204,Benin,SLC,Standard local currency units per USD,XOF,CFA Franc BCEAO,1990,1990,7021,Annual value,,272.264788000000010,X
BEN,1991-01-01,1991-12-31,53,'204,Benin,SLC,Standard local currency units per USD,XOF,CFA Franc BCEAO,1991,1991,7021,Annual value,,282.106908799999990,X
BEN,1992-01-01,1992-12-31,53,'204,Benin,SLC,Standard local currency units per USD,XOF,CFA Franc BCEAO,1992,1992,7021,Annual value,,264.691800800000010,X
BEN,1993-01-01,1993-12-31,53,'204,Benin,SLC,Standard local currency units per USD,XOF,CFA Franc BCEAO,1993,1993,7021,Annual value,,283.162579499999990,X
BEN,1994-01-01,1994-12-31,53,'204,Benin,SLC,Standard local currency units per USD,XOF,CFA Franc BCEAO,1994,1994,7021,Annual value,,555.204695700000000,X
BEN,1995-01-01,1995-12-31,53,'204,Benin,SLC,Standard local currency units per USD,XOF,CFA Franc BCEAO,1995,1995,7021,Annual value,,499.148425900000010,X
BEN,1996-01-01,1996-12-31,53,'204,Benin,SLC,Standard local currency units per USD,XOF,CFA Franc BCEAO,1996,1996,7021,Annual value,,511.552430300000030,X
BEN,1997-01-01,1997-12-31,53,'204,Benin,SLC,Standard local currency units per USD,XOF,CFA Franc BCEAO,1997,1997,7021,Annual value,,583.669372400000040,X
BEN,1998-01-01,1998-12-31,53,'204,Benin,SLC,Standard local currency units per USD,XOF,CFA Franc BCEAO,1998,1998,7021,Annual value,,589.951774600000020,X
BEN,1999-01-01,1999-12-31,53,'204,Benin,SLC,Standard local currency units per USD,XOF,CFA Franc BCEAO,1999,1999,7021,Annual value,,615.473349300000000,X
BEN,2000-01-01,2000-12-31,53,'204,Benin,SLC,Standard local currency units per USD,XOF,CFA Franc BCEAO,2000,2000,7021,Annual value,,710.207977000000030,X
BEN,2001-01-01,2001-12-31,53,'204,Benin,SLC,Standard local currency units per USD,XOF,CFA Franc BCEAO,2001,2001,7021,Annual value,,732.397693300000010,X
BEN,2002-01-01,2002-12-31,53,'204,Benin,SLC,Standard local currency units per USD,XOF,CFA Franc BCEAO,2002,2002,7021,Annual value,,693.713226500000020,X
BEN,2003-01-01,2003-12-31,53,'204,Benin,SLC,Standard local currency units per USD,XOF,CFA Franc BCEAO,2003,2003,7021,Annual value,,579.897426200000040,X
BEN,2004-01-01,2004-12-31,53,'204,Benin,SLC,Standard local currency units per USD,XOF,CFA Franc BCEAO,2004,2004,7021,Annual value,,527.338032300000010,X
BEN,2005-01-01,2005-12-31,53,'204,Benin,SLC,Standard local currency units per USD,XOF,CFA Franc BCEAO,2005,2005,7021,Annual value,,527.258362600000050,X
BEN,2006-01-01,2006-12-31,53,'204,Benin,SLC,Standard local currency units per USD,XOF,CFA Franc BCEAO,2006,2006,7021,Annual value,,522.425624900000000,X
BEN,2007-01-01,2007-12-31,53,'204,Benin,SLC,Standard local currency units per USD,XOF,CFA Franc BCEAO,2007,2007,7021,Annual value,,478.633718499999990,X
BEN,2008-01-01,2008-12-31,53,'204,Benin,SLC,Standard local currency units per USD,XOF,CFA Franc BCEAO,2008,2008,7021,Annual value,,446.000041399999990,X
BEN,2009-01-01,2009-12-31,53,'204,Benin,SLC,Standard local currency units per USD,XOF,CFA Franc BCEAO,2009,2009,7021,Annual value,,470.293423299999970,X
BEN,2010-01-01,2010-12-31,53,'204,Benin,SLC,Standard local currency units per USD,XOF,CFA Franc BCEAO,2010,2010,7021,Annual value,,494.794262199999990,X
BEN,2011-01-01,2011-12-31,53,'204,Benin,SLC,Standard local currency units per USD,XOF,CFA Franc BCEAO,2011,2011,7021,Annual value,,471.248625699999990,X
BEN,2012-01-01,2012-12-31,53,'204,Benin,SLC,Standard local currency units per USD,XOF,CFA Franc BCEAO,2012,2012,7021,Annual value,,510.556338499999980,X
BEN,2013-01-01,2013-12-31,53,'204,Benin,SLC,Standard local currency units per USD,XOF,CFA Franc BCEAO,2013,2013,7021,Annual value,,493.899623899999990,X
BEN,2014-01-01,2014-12-31,53,'204,Benin,SLC,Standard local currency units per USD,XOF,CFA Franc BCEAO,2014,2014,7021,Annual value,,493.757329900000000,X
BEN,2015-01-01,2015-12-31,53,'204,Benin,SLC,Standard local currency units per USD,XOF,CFA Franc BCEAO,2015,2015,7021,Annual value,,591.211697999999960,X
BEN,2016-01-01,2016-12-31,53,'204,Benin,SLC,Standard local currency units per USD,XOF,CFA Franc BCEAO,2016,2016,7021,Annual value,,592.605615100000020,X
BEN,2017-01-01,2017-12-31,53,'204,Benin,SLC,Standard local currency units per USD,XOF,CFA Franc BCEAO,2017,2017,7021,Annual value,,580.656749600000010,X
BEN,2018-01-01,2018-12-31,53,'204,Benin,SLC,Standard local currency units per USD,XOF,CFA Franc BCEAO,2018,2018,7021,Annual value,,555.446458399999980,X
BEN,2019-01-01,2019-12-31,53,'204,Benin,SLC,Standard local currency units per USD,XOF,CFA Franc BCEAO,2019,2019,7021,Annual value,,585.950813799999990,X
BEN,2020-01-01,2020-12-31,53,'204,Benin,SLC,Standard local currency units per USD,XOF,CFA Franc BCEAO,2020,2020,7021,Annual value,,574.294549599999980,X
BEN,2021-01-01,2021-12-31,53,'204,Benin,SLC,Standard local currency units per USD,XOF,CFA Franc BCEAO,2021,2021,7021,Annual value,,554.607798900000030,X
BEN,2022-01-01,2022-12-31,53,'204,Benin,SLC,Standard local currency units per USD,XOF,CFA Franc BCEAO,2022,2022,7021,Annual value,,622.912348200000000,X
BEN,2023-01-01,2023-12-31,53,'204,Benin,SLC,Standard local currency units per USD,XOF,CFA Franc BCEAO,2023,2023,7021,Annual value,,606.654982300000030,X
BEN,2024-01-01,2024-12-31,53,'204,Benin,SLC,Standard local currency units per USD,XOF,CFA Franc BCEAO,2024,2024,7021,Annual value,,606.345297599999980,X
